Subject ID	Lab ID	Chromosome	Start	End	Total Copy Number	Segment Mean (log ratio)	Cancer connection	Biological significance	Overlapping genes	Amplicon group
CGOV353	CGOV353T	chr1	168,557,001	168,939,001	9	1.5	NA	NA	GORAB, LOC101928650	gr2
CGOV353	CGOV353T	chr3	118,212,001	118,249,001	8	1.38	NA	NA	NA	gr3
CGOV353	CGOV353T	chr3	118,930,001	120,388,001	8	1.37	NA	POLQ, GOLGB1, PRKCI, TNIK, FGFR1OP, MLLT4, RPS6KA2	IGSF11-AS1, C3orf30, IGSF11	gr1
CGOV353	CGOV353T	chr3	121,879,001	122,076,001	8	1.37	NA	POLQ, GOLGB1, PRKCI, TNIK, FGFR1OP, MLLT4, RPS6KA2	GTF2E1, RABL3	gr1
CGOV353	CGOV353T	chr3	122,559,001	124,101,001	8	1.32	NA	POLQ, GOLGB1, PRKCI, TNIK, FGFR1OP, MLLT4, RPS6KA2	ARGFX, FBXO40, EAF2, SLC15A2, CD86, CASR, CSTA, FAM162A, LOC102723582, DTX3L, PARP15, PARP14, DIRC2, LOC100129550, POLQ, HCLS1, GOLGB1, IQCB1, ILDR1, CCDC58, WDR5B, KPNA1, PARP9, HSPBAP1	gr1
CGOV353	CGOV353T	chr3	124,870,001	125,010,001	8	1.42	NA	NA	MYLK-AS2	gr4
CGOV353	CGOV353T	chr3	170,559,001	178,776,001	8	1.35	NA	POLQ, GOLGB1, PRKCI, TNIK, FGFR1OP, MLLT4, RPS6KA2	MYNN, LRRIQ4, SAMD7, SEC62, GPR160, PRKCI, SKIL, CLDN11, MIR6828, TMEM212, FNDC3B, ECT2, NLGN1, NAALADL2, MIR4789, MIR548AY, MIR7977, LINC00501, TERC, ACTRT3, LRRC34, LRRC31, LOC100128164, PHC3, SLC7A14, RPL22L1, EIF5A2, SLC2A2, TNIK, MIR569, PLD1, TMEM212-AS1, GHSR, TNFSF10, NCEH1, SPATA16, NLGN1-AS1, NAALADL2-AS3, NAALADL2-AS2, NAALADL2-AS1, LINC01208, LINC01209, TBL1XR1	gr1
CGOV353	CGOV353T	chr3	178,777,001	178,779,001	14	2.15	NA	POLQ, GOLGB1, PRKCI, TNIK, FGFR1OP, MLLT4, RPS6KA2	NA	gr1
CGOV353	CGOV353T	chr6	165,652,001	170,756,001	8	1.31	NA	POLQ, GOLGB1, PRKCI, TNIK, FGFR1OP, MLLT4, RPS6KA2	MIR7641-2, LINC00602, LOC101929297, LOC100289495, RPS6KA2-AS1, FGFR1OP, CCR6, TCP10L2, UNC93A, TTLL2, MLLT4, KIF25, LOC101929420, SMOC2, C6orf120, ERMARD, LINC00574, LOC102724511, FLJ38122, FAM120B, MIR4644, TBP, PDE10A, LINC00473, T, PRR18, SFT2D1, MPC1, RPS6KA2, RPS6KA2-IT1, MIR1913, RNASET2, MIR3939, GPR31, TCP10, LOC401286, LOC441178, LINC01558, MLLT4-AS1, HGC6.3, KIF25-AS1, FRMD1, DACT2, LOC101929504, THBS2, WDR27, PHF10, TCTE3, LINC00242, LOC154449, LOC285804, DLL1, PSMB1, PDCD2	gr1
CGOV354	CGOV354T	chr1	60,863,001	66,402,001	8	1.11	JAK1, PRSS1	ROR1, JAK1, CDKL3, PRSS1, MYO16, GRK1	NFIA, MGC34796, INADL, MIR3116-1, L1TD1, USP1, ANGPTL3, ATG4C, FOXD3, ALG6, EFCAB7, DLEU2L, PGM1, ROR1, UBE2U, CACHD1, MIR4794, RAVER2, AK4, DNAJC6, LEPROT, LEPR, LOC101926964, NFIA-AS2, NFIA-AS1, TM2D1, MIR3116-2, KANK4, DOCK7, LINC00466, FOXD3-AS1, MIR6068, ITGB3BP, ROR1-AS1, JAK1, LINC01359, MIR3671, MIR101-1, LOC101927139	gr1
CGOV354	CGOV354T	chr1	66,403,001	67,965,001	12	1.72	JAK1, PRSS1	ROR1, JAK1, CDKL3, PRSS1, MYO16, GRK1	PDE4B, SGIP1, MIR3117, TCTEX1D1, MIER1, IL23R, IL12RB2, GADD45A, INSL5, WDR78, SLC35D1, C1orf141, SERBP1	gr1
CGOV354	CGOV354T	chr2	42,300,001	42,306,001	10	1.48	NA	NA	NA	gr3
CGOV354	CGOV354T	chr3	25,491,001	26,515,001	9	1.31	JAK1, PRSS1	ROR1, JAK1, CDKL3, PRSS1, MYO16, GRK1	OXSM, TOP2B, MIR4442, NGLY1, LINC00692	gr1
CGOV354	CGOV354T	chr4	13,092,001	14,232,001	12	1.69	JAK1, PRSS1	ROR1, JAK1, CDKL3, PRSS1, MYO16, GRK1	MIR5091, LINC01182, LINC01085, LINC01097, NKX3-2, LINC01096, BOD1L1	gr1
CGOV354	CGOV354T	chr4	18,025,001	18,031,001	12	1.64	NA	NA	NA	gr4
CGOV354	CGOV354T	chr4	46,977,001	47,219,001	9	1.35	NA	NA	COMMD8	gr5
CGOV354	CGOV354T	chr5	133,490,001	134,978,001	8	1.13	JAK1, PRSS1	ROR1, JAK1, CDKL3, PRSS1, MYO16, GRK1	MIR3661, UBE2B, LOC101927934, JADE2, SEC24A, CAMLG, DDX46, C5orf24, TXNDC15, PCBD2, MIR4461, CATSPER3, C5orf66, SKP1, PPP2CA, CDKL3, CDKN2AIPNL, LOC102546229, SAR1B, PITX1, C5orf66-AS1, C5orf66-AS2, H2AFY, DCANP1, TIFAB, NEUROG1, CXCL14	gr1
CGOV354	CGOV354T	chr7	112,100,001	112,117,001	9	1.32	NA	NA	NA	gr6
CGOV354	CGOV354T	chr7	141,721,001	142,154,001	8	1.18	JAK1, PRSS1	ROR1, JAK1, CDKL3, PRSS1, MYO16, GRK1	MTRNR2L6, PRSS1	gr1
CGOV354	CGOV354T	chr9	83,356,001	83,370,001	12	1.68	NA	NA	NA	gr7
CGOV354	CGOV354T	chr9	88,301,001	88,307,001	9	1.31	NA	NA	NA	gr8
CGOV354	CGOV354T	chr9	122,486,001	122,498,001	8	1.12	NA	NA	NA	gr9
CGOV354	CGOV354T	chr12	15,129,001	15,134,001	10	1.46	NA	NA	NA	gr10
CGOV354	CGOV354T	chr13	86,642,001	86,647,001	8	1.1	NA	NA	NA	gr12
CGOV354	CGOV354T	chr13	101,559,001	101,569,001	13	1.84	NA	NA	NA	gr13
CGOV354	CGOV354T	chr13	105,879,001	106,998,001	9	1.27	JAK1, PRSS1	ROR1, JAK1, CDKL3, PRSS1, MYO16, GRK1	LINC00551, LINC00443, EFNB2, ARGLU1	gr1
CGOV354	CGOV354T	chr13	106,999,001	107,004,001	16	2.1	JAK1, PRSS1	ROR1, JAK1, CDKL3, PRSS1, MYO16, GRK1	NA	gr1
CGOV354	CGOV354T	chr13	107,005,001	109,232,001	9	1.26	JAK1, PRSS1	ROR1, JAK1, CDKL3, PRSS1, MYO16, GRK1	ABHD13, TNFSF13B, MYO16, LINC00399, LINC00676, FAM155A-IT1, LIG4, MYO16-AS1	gr1
CGOV354	CGOV354T	chr13	109,238,001	112,636,001	9	1.26	JAK1, PRSS1	ROR1, JAK1, CDKL3, PRSS1, MYO16, GRK1	LINC00396, COL4A2, MIR8073, CARKD, ING1, LINC00431, LINC00368, ARHGEF7, TEX29, LINC00354, LINC00403, SOX1, LINC01070, SPACA7, ATP11AUN, ATP11A, COL4A1, COL4A2-AS1, RAB20, CARS2, LINC00346, ANKRD10, ARHGEF7-AS2, ARHGEF7-AS1, LOC101060553, LOC101928730, LINC01044, TUBGCP3, ATP11A-AS1	gr1
CGOV354	CGOV354T	chr13	112,637,001	112,642,001	18	2.24	JAK1, PRSS1	ROR1, JAK1, CDKL3, PRSS1, MYO16, GRK1	NA	gr1
CGOV354	CGOV354T	chr13	112,643,001	114,125,001	9	1.27	JAK1, PRSS1	ROR1, JAK1, CDKL3, PRSS1, MYO16, GRK1	MCF2L, F7, F10, PROZ, CUL4A, MIR8075, LAMP1, GRTP1-AS1, TMCO3, TFDP1, GRK1, LINC00565, GAS6, CDC16, MIR548AR, MIR4502, UPF3A, CHAMP1, MCF2L-AS1, F10-AS1, PCID2, GRTP1, LOC101928841, ADPRHL1, DCUN1D2, ATP4B, LINC00452, GAS6-AS2, GAS6-AS1, TMEM255B, RASA3, LINC01054	gr1
CGOV358	CGOV358T	chr2	57,715,001	57,723,001	7	0.79	NA	NA	NA	gr5
CGOV358	CGOV358T	chr3	116,222,001	116,233,001	7	0.76	NA	NA	NA	gr6
CGOV358	CGOV358T	chr4	18,733,001	18,740,001	7	0.76	NA	NA	NA	gr7
CGOV358	CGOV358T	chr4	61,100,001	61,113,001	7	0.79	NA	NA	NA	gr8
CGOV358	CGOV358T	chr4	65,870,001	65,877,001	7	0.76	NA	NA	NA	gr9
CGOV358	CGOV358T	chr4	92,696,001	92,703,001	7	0.76	NA	NA	NA	gr10
CGOV358	CGOV358T	chr4	112,090,001	112,101,001	7	0.89	NA	NA	NA	gr11
CGOV358	CGOV358T	chr4	131,278,001	131,284,001	7	0.78	NA	NA	NA	gr12
CGOV358	CGOV358T	chr4	133,432,001	133,439,001	7	0.78	NA	NA	NA	gr13
CGOV358	CGOV358T	chr4	138,348,001	138,361,001	7	0.76	NA	NA	NA	gr14
CGOV358	CGOV358T	chr5	46,092,001	46,126,001	10	1.2	NA	NA	NA	gr1
CGOV358	CGOV358T	chr5	46,250,001	46,274,001	7	0.81	NA	NA	NA	gr1
CGOV358	CGOV358T	chr5	46,275,001	46,340,001	10	1.18	NA	NA	NA	gr1
CGOV358	CGOV358T	chr5	50,888,001	50,896,001	7	0.81	NA	NA	NA	gr15
CGOV358	CGOV358T	chr5	99,080,001	99,093,001	7	0.76	NA	NA	NA	gr16
CGOV358	CGOV358T	chr5	101,358,001	101,369,001	7	0.8	NA	NA	NA	gr17
CGOV358	CGOV358T	chr7	9,215,001	9,223,001	6	0.75	NA	NA	NA	gr18
CGOV358	CGOV358T	chr7	11,104,001	11,114,001	7	0.79	NA	NA	NA	gr19
CGOV358	CGOV358T	chr7	85,043,001	85,055,001	7	0.78	NA	NA	NA	gr2
CGOV358	CGOV358T	chr7	85,160,001	85,171,001	7	0.79	NA	NA	NA	gr2
CGOV358	CGOV358T	chr7	115,327,001	115,343,001	7	0.81	NA	NA	NA	gr20
CGOV358	CGOV358T	chr8	13,792,001	13,802,001	7	0.88	NA	NA	NA	gr21
CGOV358	CGOV358T	chr8	16,996,001	17,011,001	7	0.82	NA	NA	NA	gr22
CGOV358	CGOV358T	chr8	43,552,001	43,640,001	8	0.91	NA	NA	NA	gr3
CGOV358	CGOV358T	chr8	43,723,001	43,735,001	8	1.02	NA	NA	NA	gr3
CGOV358	CGOV358T	chr8	43,736,001	43,782,001	12	1.46	NA	NA	NA	gr3
CGOV358	CGOV358T	chr8	43,809,001	43,835,001	10	1.26	NA	NA	NA	gr3
CGOV358	CGOV358T	chr8	53,692,001	53,698,001	7	0.77	NA	NA	NA	gr23
CGOV358	CGOV358T	chr8	65,345,001	65,355,001	7	0.83	NA	NA	NA	gr24
CGOV358	CGOV358T	chr8	78,686,001	78,694,001	7	0.87	NA	NA	NA	gr25
CGOV358	CGOV358T	chr8	84,053,001	84,060,001	9	1.05	NA	NA	NA	gr26
CGOV358	CGOV358T	chr8	88,655,001	88,661,001	8	0.98	NA	NA	NA	gr27
CGOV358	CGOV358T	chr8	89,186,001	89,194,001	8	0.96	NA	NA	NA	gr28
CGOV358	CGOV358T	chr8	93,898,001	93,906,001	7	0.84	NA	NA	NA	gr29
CGOV358	CGOV358T	chr8	111,535,001	111,545,001	7	0.83	NA	NA	NA	gr30
CGOV358	CGOV358T	chr8	115,174,001	115,184,001	9	1.04	NA	NA	NA	gr31
CGOV358	CGOV358T	chr8	116,591,001	116,598,001	7	0.86	NA	NA	NA	gr32
CGOV358	CGOV358T	chr8	120,428,001	120,438,001	7	0.8	NA	NA	NA	gr33
CGOV358	CGOV358T	chr8	129,681,001	129,690,001	7	0.83	NA	NA	NA	gr34
CGOV358	CGOV358T	chr8	133,878,001	133,886,001	7	0.76	NA	NA	NA	gr35
CGOV358	CGOV358T	chr10	41,819,001	41,843,001	7	0.81	NA	NA	NA	gr36
CGOV358	CGOV358T	chr12	34,584,001	34,618,001	8	0.95	NA	NA	NA	gr37
CGOV358	CGOV358T	chr12	36,579,001	36,607,001	7	0.89	NA	NA	NA	gr1
CGOV358	CGOV358T	chr12	36,681,001	36,705,001	7	0.86	NA	NA	NA	gr1
CGOV358	CGOV358T	chr12	79,522,001	79,537,001	7	0.77	NA	NA	NA	gr38
CGOV358	CGOV358T	chr12	83,499,001	83,507,001	7	0.82	NA	NA	NA	gr39
CGOV358	CGOV358T	chr12	84,262,001	84,274,001	7	0.83	NA	NA	NA	gr40
CGOV358	CGOV358T	chr16	60,231,001	60,241,001	7	0.83	NA	NA	NA	gr4
CGOV358	CGOV358T	chr16	60,304,001	60,324,001	8	0.99	NA	NA	NA	gr4
CGOV358	CGOV358T	chr17	48,513,001	48,525,001	8	0.91	NA	NA	NA	gr41
CGOV358	CGOV358T	chr19	32,696,001	32,736,001	9	1.05	NA	NA	NA	gr42
CGOV358	CGOV358T	chrX	58,387,001	58,405,001	7	0.81	NA	NA	NA	gr43
CGOV362	CGOV362T	chr1	52,046,001	52,054,001	4	0.84	MSH2, MSH6, FANCL, ETV5, EXT1, MYC	SOS1, CDKL4, MAP4K3, EML4, PRKCE, MSH2, MSH6, LHCGR, PSME4, VRK2, REL, FANCL, BCL11A, USP34, HTR3C, EPHB3, MAP3K13, EIF4A2, LPP, TP63, MCF2L2, ETV5, DGKG, RFC4, BCL6, ATP13A5, IL7R, UGT3A2, RIMS2, PKHD1L1, UBR5, CSMD3, COL14A1, EXT1, TRIB1, MYC, PRKACG, MYO16, GRK1, JAG1	NA	gr1
CGOV362	CGOV362T	chr1	117,727,001	117,878,001	4	0.84	MSH2, MSH6, FANCL, ETV5, EXT1, MYC	SOS1, CDKL4, MAP4K3, EML4, PRKCE, MSH2, MSH6, LHCGR, PSME4, VRK2, REL, FANCL, BCL11A, USP34, HTR3C, EPHB3, MAP3K13, EIF4A2, LPP, TP63, MCF2L2, ETV5, DGKG, RFC4, BCL6, ATP13A5, IL7R, UGT3A2, RIMS2, PKHD1L1, UBR5, CSMD3, COL14A1, EXT1, TRIB1, MYC, PRKACG, MYO16, GRK1, JAG1	NA	gr1
CGOV362	CGOV362T	chr1	206,410,001	206,494,001	5	1.22	NA	NA	NA	gr2
CGOV362	CGOV362T	chr2	37,598,001	37,810,001	5	1.34	MSH2, MSH6, FANCL, ETV5, EXT1, MYC	SOS1, CDKL4, MAP4K3, EML4, PRKCE, MSH2, MSH6, LHCGR, PSME4, VRK2, REL, FANCL, BCL11A, USP34, HTR3C, EPHB3, MAP3K13, EIF4A2, LPP, TP63, MCF2L2, ETV5, DGKG, RFC4, BCL6, ATP13A5, IL7R, UGT3A2, RIMS2, PKHD1L1, UBR5, CSMD3, COL14A1, EXT1, TRIB1, MYC, PRKACG, MYO16, GRK1, JAG1	CDC42EP3	gr1
CGOV362	CGOV362T	chr2	37,857,001	38,084,001	5	1.36	MSH2, MSH6, FANCL, ETV5, EXT1, MYC	SOS1, CDKL4, MAP4K3, EML4, PRKCE, MSH2, MSH6, LHCGR, PSME4, VRK2, REL, FANCL, BCL11A, USP34, HTR3C, EPHB3, MAP3K13, EIF4A2, LPP, TP63, MCF2L2, ETV5, DGKG, RFC4, BCL6, ATP13A5, IL7R, UGT3A2, RIMS2, PKHD1L1, UBR5, CSMD3, COL14A1, EXT1, TRIB1, MYC, PRKACG, MYO16, GRK1, JAG1	LINC00211	gr1
CGOV362	CGOV362T	chr2	38,091,001	38,399,001	7	1.75	MSH2, MSH6, FANCL, ETV5, EXT1, MYC	SOS1, CDKL4, MAP4K3, EML4, PRKCE, MSH2, MSH6, LHCGR, PSME4, VRK2, REL, FANCL, BCL11A, USP34, HTR3C, EPHB3, MAP3K13, EIF4A2, LPP, TP63, MCF2L2, ETV5, DGKG, RFC4, BCL6, ATP13A5, IL7R, UGT3A2, RIMS2, PKHD1L1, UBR5, CSMD3, COL14A1, EXT1, TRIB1, MYC, PRKACG, MYO16, GRK1, JAG1	CYP1B1-AS1, CYP1B1	gr1
CGOV362	CGOV362T	chr2	38,400,001	40,702,001	5	1.33	MSH2, MSH6, FANCL, ETV5, EXT1, MYC	SOS1, CDKL4, MAP4K3, EML4, PRKCE, MSH2, MSH6, LHCGR, PSME4, VRK2, REL, FANCL, BCL11A, USP34, HTR3C, EPHB3, MAP3K13, EIF4A2, LPP, TP63, MCF2L2, ETV5, DGKG, RFC4, BCL6, ATP13A5, IL7R, UGT3A2, RIMS2, PKHD1L1, UBR5, CSMD3, COL14A1, EXT1, TRIB1, MYC, PRKACG, MYO16, GRK1, JAG1	GALM, GEMIN6, MORN2, ARHGEF33, LOC728730, TMEM178A, SLC8A1-AS1, LOC101929596, HNRNPLL, SRSF7, DHX57, LOC375196, SOS1, CDKL4, MAP4K3, THUMPD2, SLC8A1	gr1
CGOV362	CGOV362T	chr2	40,703,001	40,710,001	7	1.82	MSH2, MSH6, FANCL, ETV5, EXT1, MYC	SOS1, CDKL4, MAP4K3, EML4, PRKCE, MSH2, MSH6, LHCGR, PSME4, VRK2, REL, FANCL, BCL11A, USP34, HTR3C, EPHB3, MAP3K13, EIF4A2, LPP, TP63, MCF2L2, ETV5, DGKG, RFC4, BCL6, ATP13A5, IL7R, UGT3A2, RIMS2, PKHD1L1, UBR5, CSMD3, COL14A1, EXT1, TRIB1, MYC, PRKACG, MYO16, GRK1, JAG1	NA	gr1
CGOV362	CGOV362T	chr2	40,711,001	43,936,001	5	1.34	MSH2, MSH6, FANCL, ETV5, EXT1, MYC	SOS1, CDKL4, MAP4K3, EML4, PRKCE, MSH2, MSH6, LHCGR, PSME4, VRK2, REL, FANCL, BCL11A, USP34, HTR3C, EPHB3, MAP3K13, EIF4A2, LPP, TP63, MCF2L2, ETV5, DGKG, RFC4, BCL6, ATP13A5, IL7R, UGT3A2, RIMS2, PKHD1L1, UBR5, CSMD3, COL14A1, EXT1, TRIB1, MYC, PRKACG, MYO16, GRK1, JAG1	LOC388942, PKDCC, EML4, MTA3, LINC01126, PLEKHH2, DYNC2LI1, LOC101929723, C2orf91, LOC102723824, COX7A2L, KCNG3, OXER1, HAAO, LOC102723854, ZFP36L2, THADA, C1GALT1C1L, ABCG5	gr1
CGOV362	CGOV362T	chr2	43,937,001	43,945,001	9	2.03	MSH2, MSH6, FANCL, ETV5, EXT1, MYC	SOS1, CDKL4, MAP4K3, EML4, PRKCE, MSH2, MSH6, LHCGR, PSME4, VRK2, REL, FANCL, BCL11A, USP34, HTR3C, EPHB3, MAP3K13, EIF4A2, LPP, TP63, MCF2L2, ETV5, DGKG, RFC4, BCL6, ATP13A5, IL7R, UGT3A2, RIMS2, PKHD1L1, UBR5, CSMD3, COL14A1, EXT1, TRIB1, MYC, PRKACG, MYO16, GRK1, JAG1	NA	gr1
CGOV362	CGOV362T	chr2	43,948,001	51,838,001	5	1.33	MSH2, MSH6, FANCL, ETV5, EXT1, MYC	SOS1, CDKL4, MAP4K3, EML4, PRKCE, MSH2, MSH6, LHCGR, PSME4, VRK2, REL, FANCL, BCL11A, USP34, HTR3C, EPHB3, MAP3K13, EIF4A2, LPP, TP63, MCF2L2, ETV5, DGKG, RFC4, BCL6, ATP13A5, IL7R, UGT3A2, RIMS2, PKHD1L1, UBR5, CSMD3, COL14A1, EXT1, TRIB1, MYC, PRKACG, MYO16, GRK1, JAG1	PPM1B, SLC3A1, CAMKMT, SIX3, PRKCE, EPAS1, LOC101805491, TMEM247, RHOQ, CRIPT, SOCS5, LINC01118, LINC01119, TTC7A, EPCAM, MIR559, MSH2, HCG2040054, MSH6, FOXN2, PPP1R21, STON1-GTF2A1L, STON1, GTF2A1L, MIR548BA, LRPPRC, PREPL, SIX3-AS1, SIX2, LINC01121, SRBD1, ATP6V1E2, LOC100506142, PIGF, MCFD2, C2orf61, CALM2, LOC101927043, KCNK12, FBXO11, LHCGR, FSHR, NRXN1, MIR8485	gr1
CGOV362	CGOV362T	chr2	51,839,001	51,846,001	8	1.96	MSH2, MSH6, FANCL, ETV5, EXT1, MYC	SOS1, CDKL4, MAP4K3, EML4, PRKCE, MSH2, MSH6, LHCGR, PSME4, VRK2, REL, FANCL, BCL11A, USP34, HTR3C, EPHB3, MAP3K13, EIF4A2, LPP, TP63, MCF2L2, ETV5, DGKG, RFC4, BCL6, ATP13A5, IL7R, UGT3A2, RIMS2, PKHD1L1, UBR5, CSMD3, COL14A1, EXT1, TRIB1, MYC, PRKACG, MYO16, GRK1, JAG1	NA	gr1
CGOV362	CGOV362T	chr2	51,847,001	56,188,001	5	1.31	MSH2, MSH6, FANCL, ETV5, EXT1, MYC	SOS1, CDKL4, MAP4K3, EML4, PRKCE, MSH2, MSH6, LHCGR, PSME4, VRK2, REL, FANCL, BCL11A, USP34, HTR3C, EPHB3, MAP3K13, EIF4A2, LPP, TP63, MCF2L2, ETV5, DGKG, RFC4, BCL6, ATP13A5, IL7R, UGT3A2, RIMS2, PKHD1L1, UBR5, CSMD3, COL14A1, EXT1, TRIB1, MYC, PRKACG, MYO16, GRK1, JAG1	CHAC2, ERLEC1, ACYP2, C2orf73, SPTBN1, RPL23AP32, EML6, RPS27A, MIR4426, PRORSD1P, CFAP36, MIR4431, ASB3, GPR75-ASB3, MIR3682, GPR75, PSME4, TSPYL6, RTN4, CLHC1, MTIF2, CCDC88A, PPP4R3B, PNPT1, EFEMP1, MIR217HG, MIR217, MIR216A, MIR216B	gr1
CGOV362	CGOV362T	chr2	56,189,001	56,193,001	7	1.72	MSH2, MSH6, FANCL, ETV5, EXT1, MYC	SOS1, CDKL4, MAP4K3, EML4, PRKCE, MSH2, MSH6, LHCGR, PSME4, VRK2, REL, FANCL, BCL11A, USP34, HTR3C, EPHB3, MAP3K13, EIF4A2, LPP, TP63, MCF2L2, ETV5, DGKG, RFC4, BCL6, ATP13A5, IL7R, UGT3A2, RIMS2, PKHD1L1, UBR5, CSMD3, COL14A1, EXT1, TRIB1, MYC, PRKACG, MYO16, GRK1, JAG1	NA	gr1
CGOV362	CGOV362T	chr2	56,194,001	57,158,001	5	1.29	MSH2, MSH6, FANCL, ETV5, EXT1, MYC	SOS1, CDKL4, MAP4K3, EML4, PRKCE, MSH2, MSH6, LHCGR, PSME4, VRK2, REL, FANCL, BCL11A, USP34, HTR3C, EPHB3, MAP3K13, EIF4A2, LPP, TP63, MCF2L2, ETV5, DGKG, RFC4, BCL6, ATP13A5, IL7R, UGT3A2, RIMS2, PKHD1L1, UBR5, CSMD3, COL14A1, EXT1, TRIB1, MYC, PRKACG, MYO16, GRK1, JAG1	CCDC85A, LOC100129434, RNU6-35P	gr1
CGOV362	CGOV362T	chr2	57,229,001	62,646,001	5	1.31	MSH2, MSH6, FANCL, ETV5, EXT1, MYC	SOS1, CDKL4, MAP4K3, EML4, PRKCE, MSH2, MSH6, LHCGR, PSME4, VRK2, REL, FANCL, BCL11A, USP34, HTR3C, EPHB3, MAP3K13, EIF4A2, LPP, TP63, MCF2L2, ETV5, DGKG, RFC4, BCL6, ATP13A5, IL7R, UGT3A2, RIMS2, PKHD1L1, UBR5, CSMD3, COL14A1, EXT1, TRIB1, MYC, PRKACG, MYO16, GRK1, JAG1	VRK2, LINC01122, LOC101927285, PAPOLG, REL, PEX13, KIAA1841, C2orf74, AHSA2, COMMD1, B3GNT2, MIR5192, FANCL, MIR4432, BCL11A, LINC01185, PUS10, LOC339803, USP34, SNORA70B, XPO1, FAM161A, CCT4, TMEM17	gr1
CGOV362	CGOV362T	chr3	162,466,001	162,488,001	5	1.22	MSH2, MSH6, FANCL, ETV5, EXT1, MYC	SOS1, CDKL4, MAP4K3, EML4, PRKCE, MSH2, MSH6, LHCGR, PSME4, VRK2, REL, FANCL, BCL11A, USP34, HTR3C, EPHB3, MAP3K13, EIF4A2, LPP, TP63, MCF2L2, ETV5, DGKG, RFC4, BCL6, ATP13A5, IL7R, UGT3A2, RIMS2, PKHD1L1, UBR5, CSMD3, COL14A1, EXT1, TRIB1, MYC, PRKACG, MYO16, GRK1, JAG1	NA	gr1
CGOV362	CGOV362T	chr3	162,489,001	162,969,001	4	0.9	MSH2, MSH6, FANCL, ETV5, EXT1, MYC	SOS1, CDKL4, MAP4K3, EML4, PRKCE, MSH2, MSH6, LHCGR, PSME4, VRK2, REL, FANCL, BCL11A, USP34, HTR3C, EPHB3, MAP3K13, EIF4A2, LPP, TP63, MCF2L2, ETV5, DGKG, RFC4, BCL6, ATP13A5, IL7R, UGT3A2, RIMS2, PKHD1L1, UBR5, CSMD3, COL14A1, EXT1, TRIB1, MYC, PRKACG, MYO16, GRK1, JAG1	LOC101243545, OTOL1, SPTSSB	gr1
CGOV362	CGOV362T	chr3	183,275,001	195,691,001	5	1.17	MSH2, MSH6, FANCL, ETV5, EXT1, MYC	SOS1, CDKL4, MAP4K3, EML4, PRKCE, MSH2, MSH6, LHCGR, PSME4, VRK2, REL, FANCL, BCL11A, USP34, HTR3C, EPHB3, MAP3K13, EIF4A2, LPP, TP63, MCF2L2, ETV5, DGKG, RFC4, BCL6, ATP13A5, IL7R, UGT3A2, RIMS2, PKHD1L1, UBR5, CSMD3, COL14A1, EXT1, TRIB1, MYC, PRKACG, MYO16, GRK1, JAG1	ATP11B, B3GNT5, LINC00888, KLHL6-AS1, KLHL24, YEATS2, ABCC5-AS1, HTR3D, HTR3C, HTR3E, EIF2B5, DVL3, AP2M1, ABCF3, VWA5B2, MIR1224, ECE2, PSMD2, EIF4G1, SNORD66, FAM131A, POLR2H, CHRD, EPHB3, VPS8, EHHADH-AS1, MAP3K13, SENP2, IGF2BP2-AS1, LOC344887, DNAJB11, AHSG, FETUB, HRG, KNG1, EIF4A2, SNORD2, MIR1248, SNORA81, SNORA63, SNORA4, ADIPOQ, ST6GAL1, RTP1, RTP4, LOC100131635, LPP, FLJ42393, MIR28, TPRG1, TP63, MIR944, P3H2-AS1, CLDN16, IL1RAP, SNAR-I, OSTN, CCDC50, LINCR-0002, PYDC2, FGF12-AS1, HRASLS, MGC2889, ATP13A5-AS1, ATP13A4-AS1, OPA1, HES1, LOC101929337, LINC00884, FLJ46066, DCUN1D1, MCCC1, LAMP3, MCF2L2, KLHL6, MAP6D1, PARL, ABCC5, ALG3, CAMK2N2, CLCN2, THPO, EIF2B5-AS1, MAGEF1, LOC101928992, C3orf70, EHHADH, TMEM41A, LIPH, IGF2BP2, MIR548AQ, TRA2B, ETV5, DGKG, LOC253573, CRYGS, TBCCD1, RFC4, LOC102724699, ADIPOQ-AS1, RPL39L, LOC101929106, MASP1, SST, RTP2, BCL6, LPP-AS2, LPP-AS1, TPRG1-AS1, TPRG1-AS2, P3H2, CLDN1, TMEM207, GMNC, UTS2B, FGF12, MB21D2, ATP13A5, ATP13A4, OPA1-AS1, LOC647323, DPPA2P3, LOC100505920, LINC00887, CPN2, LRRC15, GP5, ATP13A3	gr1
CGOV362	CGOV362T	chr5	35,866,001	36,186,001	5	1.23	MSH2, MSH6, FANCL, ETV5, EXT1, MYC	SOS1, CDKL4, MAP4K3, EML4, PRKCE, MSH2, MSH6, LHCGR, PSME4, VRK2, REL, FANCL, BCL11A, USP34, HTR3C, EPHB3, MAP3K13, EIF4A2, LPP, TP63, MCF2L2, ETV5, DGKG, RFC4, BCL6, ATP13A5, IL7R, UGT3A2, RIMS2, PKHD1L1, UBR5, CSMD3, COL14A1, EXT1, TRIB1, MYC, PRKACG, MYO16, GRK1, JAG1	IL7R, LOC100506406, CAPSL, UGT3A1, UGT3A2, MIR580	gr1
CGOV362	CGOV362T	chr7	11,664,001	11,670,001	5	1.17	MSH2, MSH6, FANCL, ETV5, EXT1, MYC	SOS1, CDKL4, MAP4K3, EML4, PRKCE, MSH2, MSH6, LHCGR, PSME4, VRK2, REL, FANCL, BCL11A, USP34, HTR3C, EPHB3, MAP3K13, EIF4A2, LPP, TP63, MCF2L2, ETV5, DGKG, RFC4, BCL6, ATP13A5, IL7R, UGT3A2, RIMS2, PKHD1L1, UBR5, CSMD3, COL14A1, EXT1, TRIB1, MYC, PRKACG, MYO16, GRK1, JAG1	NA	gr1
CGOV362	CGOV362T	chr7	23,185,001	23,614,001	4	1.12	MSH2, MSH6, FANCL, ETV5, EXT1, MYC	SOS1, CDKL4, MAP4K3, EML4, PRKCE, MSH2, MSH6, LHCGR, PSME4, VRK2, REL, FANCL, BCL11A, USP34, HTR3C, EPHB3, MAP3K13, EIF4A2, LPP, TP63, MCF2L2, ETV5, DGKG, RFC4, BCL6, ATP13A5, IL7R, UGT3A2, RIMS2, PKHD1L1, UBR5, CSMD3, COL14A1, EXT1, TRIB1, MYC, PRKACG, MYO16, GRK1, JAG1	NUPL2, GPNMB, MALSU1, RPS2P32, IGF2BP3, TRA2A, CLK2P1	gr1
CGOV362	CGOV362T	chr8	98,217,001	98,652,001	3	0.75	MSH2, MSH6, FANCL, ETV5, EXT1, MYC	SOS1, CDKL4, MAP4K3, EML4, PRKCE, MSH2, MSH6, LHCGR, PSME4, VRK2, REL, FANCL, BCL11A, USP34, HTR3C, EPHB3, MAP3K13, EIF4A2, LPP, TP63, MCF2L2, ETV5, DGKG, RFC4, BCL6, ATP13A5, IL7R, UGT3A2, RIMS2, PKHD1L1, UBR5, CSMD3, COL14A1, EXT1, TRIB1, MYC, PRKACG, MYO16, GRK1, JAG1	TSPYL5	gr1
CGOV362	CGOV362T	chr8	101,479,001	110,839,001	5	1.38	MSH2, MSH6, FANCL, ETV5, EXT1, MYC	SOS1, CDKL4, MAP4K3, EML4, PRKCE, MSH2, MSH6, LHCGR, PSME4, VRK2, REL, FANCL, BCL11A, USP34, HTR3C, EPHB3, MAP3K13, EIF4A2, LPP, TP63, MCF2L2, ETV5, DGKG, RFC4, BCL6, ATP13A5, IL7R, UGT3A2, RIMS2, PKHD1L1, UBR5, CSMD3, COL14A1, EXT1, TRIB1, MYC, PRKACG, MYO16, GRK1, JAG1	FLJ42969, NACAP1, GRHL2, LOC104054148, MIR5680, UBR5-AS1, ODF1, AZIN1-AS1, ATP6V1C1, BAALC, MIR3151, FZD6, CTHRC1, DCAF13, RIMS2, DCSTAMP, ZFPM2, OXR1, EMC2, TRHR, ENY2, PKHD1L1, EBAG9, ANKRD46, SNX31, PABPC1, MIR7705, YWHAZ, ZNF706, NCALD, RRM2B, UBR5, KLF10, AZIN1, BAALC-AS2, BAALC-AS1, SLC25A32, DPYS, LRP12, ZFPM2-AS1, ABRA, ANGPT1, RSPO2, EIF3E, TMEM74, NUDCD1, SYBU	gr1
CGOV362	CGOV362T	chr8	110,848,001	111,535,001	5	1.37	MSH2, MSH6, FANCL, ETV5, EXT1, MYC	SOS1, CDKL4, MAP4K3, EML4, PRKCE, MSH2, MSH6, LHCGR, PSME4, VRK2, REL, FANCL, BCL11A, USP34, HTR3C, EPHB3, MAP3K13, EIF4A2, LPP, TP63, MCF2L2, ETV5, DGKG, RFC4, BCL6, ATP13A5, IL7R, UGT3A2, RIMS2, PKHD1L1, UBR5, CSMD3, COL14A1, EXT1, TRIB1, MYC, PRKACG, MYO16, GRK1, JAG1	KCNV1	gr1
CGOV362	CGOV362T	chr8	111,536,001	111,540,001	7	1.78	MSH2, MSH6, FANCL, ETV5, EXT1, MYC	SOS1, CDKL4, MAP4K3, EML4, PRKCE, MSH2, MSH6, LHCGR, PSME4, VRK2, REL, FANCL, BCL11A, USP34, HTR3C, EPHB3, MAP3K13, EIF4A2, LPP, TP63, MCF2L2, ETV5, DGKG, RFC4, BCL6, ATP13A5, IL7R, UGT3A2, RIMS2, PKHD1L1, UBR5, CSMD3, COL14A1, EXT1, TRIB1, MYC, PRKACG, MYO16, GRK1, JAG1	NA	gr1
CGOV362	CGOV362T	chr8	111,541,001	118,754,001	5	1.37	MSH2, MSH6, FANCL, ETV5, EXT1, MYC	SOS1, CDKL4, MAP4K3, EML4, PRKCE, MSH2, MSH6, LHCGR, PSME4, VRK2, REL, FANCL, BCL11A, USP34, HTR3C, EPHB3, MAP3K13, EIF4A2, LPP, TP63, MCF2L2, ETV5, DGKG, RFC4, BCL6, ATP13A5, IL7R, UGT3A2, RIMS2, PKHD1L1, UBR5, CSMD3, COL14A1, EXT1, TRIB1, MYC, PRKACG, MYO16, GRK1, JAG1	MIR2053, UTP23, RAD21-AS1, AARD, SLC30A8, MED30, LINC01608, LINC01609, CSMD3, TRPS1, MIR6507, LINC00536, EIF3H, RAD21, MIR3610	gr1
CGOV362	CGOV362T	chr8	118,756,001	118,793,001	8	1.99	MSH2, MSH6, FANCL, ETV5, EXT1, MYC	SOS1, CDKL4, MAP4K3, EML4, PRKCE, MSH2, MSH6, LHCGR, PSME4, VRK2, REL, FANCL, BCL11A, USP34, HTR3C, EPHB3, MAP3K13, EIF4A2, LPP, TP63, MCF2L2, ETV5, DGKG, RFC4, BCL6, ATP13A5, IL7R, UGT3A2, RIMS2, PKHD1L1, UBR5, CSMD3, COL14A1, EXT1, TRIB1, MYC, PRKACG, MYO16, GRK1, JAG1	NA	gr1
CGOV362	CGOV362T	chr8	118,794,001	124,469,001	5	1.4	MSH2, MSH6, FANCL, ETV5, EXT1, MYC	SOS1, CDKL4, MAP4K3, EML4, PRKCE, MSH2, MSH6, LHCGR, PSME4, VRK2, REL, FANCL, BCL11A, USP34, HTR3C, EPHB3, MAP3K13, EIF4A2, LPP, TP63, MCF2L2, ETV5, DGKG, RFC4, BCL6, ATP13A5, IL7R, UGT3A2, RIMS2, PKHD1L1, UBR5, CSMD3, COL14A1, EXT1, TRIB1, MYC, PRKACG, MYO16, GRK1, JAG1	SAMD12-AS1, COLEC10, MAL2, NOV, DEPTOR, COL14A1, MTBP, LOC101927543, HAS2-AS1, ZHX2, TBC1D31, FAM83A, EXT1, SAMD12, TNFRSF11B, ENPP2, TAF2, DSCC1, MRPL13, SNTB1, HAS2, LOC105375734, LINC01151, DERL1, FAM83A-AS1, MIR4663, C8orf76, ZHX1-C8orf76, ZHX1	gr1
CGOV362	CGOV362T	chr8	124,520,001	129,206,001	6	1.57	MSH2, MSH6, FANCL, ETV5, EXT1, MYC	SOS1, CDKL4, MAP4K3, EML4, PRKCE, MSH2, MSH6, LHCGR, PSME4, VRK2, REL, FANCL, BCL11A, USP34, HTR3C, EPHB3, MAP3K13, EIF4A2, LPP, TP63, MCF2L2, ETV5, DGKG, RFC4, BCL6, ATP13A5, IL7R, UGT3A2, RIMS2, PKHD1L1, UBR5, CSMD3, COL14A1, EXT1, TRIB1, MYC, PRKACG, MYO16, GRK1, JAG1	FAM91A1, FER1L6, TRMT12, RNF139, NDUFB9, MIR4662A, LINC00964, ZNF572, SQLE, NSMCE2, TRIB1, LOC101927657, PCAT1, PRNCR1, CASC21, CCAT2, POU5F1B, MYC, MIR1204, PVT1, MIR1205, MIR1206, MIR1207, FBXO32, KLHL38, ANXA13, FER1L6-AS1, FER1L6-AS2, LOC101927588, TMEM65, RNF139-AS1, TATDN1, MIR6844, MTSS1, MIR4662B, KIAA0196, LINC00861, FAM84B, PCAT2, CASC19, CCAT1, CASC8, CASC11, TMEM75	gr1
CGOV362	CGOV362T	chr8	129,207,001	129,219,001	10	2.15	MSH2, MSH6, FANCL, ETV5, EXT1, MYC	SOS1, CDKL4, MAP4K3, EML4, PRKCE, MSH2, MSH6, LHCGR, PSME4, VRK2, REL, FANCL, BCL11A, USP34, HTR3C, EPHB3, MAP3K13, EIF4A2, LPP, TP63, MCF2L2, ETV5, DGKG, RFC4, BCL6, ATP13A5, IL7R, UGT3A2, RIMS2, PKHD1L1, UBR5, CSMD3, COL14A1, EXT1, TRIB1, MYC, PRKACG, MYO16, GRK1, JAG1	NA	gr1
CGOV362	CGOV362T	chr9	70,221,001	70,927,001	6	1.45	MSH2, MSH6, FANCL, ETV5, EXT1, MYC	SOS1, CDKL4, MAP4K3, EML4, PRKCE, MSH2, MSH6, LHCGR, PSME4, VRK2, REL, FANCL, BCL11A, USP34, HTR3C, EPHB3, MAP3K13, EIF4A2, LPP, TP63, MCF2L2, ETV5, DGKG, RFC4, BCL6, ATP13A5, IL7R, UGT3A2, RIMS2, PKHD1L1, UBR5, CSMD3, COL14A1, EXT1, TRIB1, MYC, PRKACG, MYO16, GRK1, JAG1	PIP5K1B, FAM122A, FXN, TMEM252, LINC01506, LOC101927069, PRKACG	gr1
CGOV362	CGOV362T	chr9	70,933,001	76,269,001	6	1.41	MSH2, MSH6, FANCL, ETV5, EXT1, MYC	SOS1, CDKL4, MAP4K3, EML4, PRKCE, MSH2, MSH6, LHCGR, PSME4, VRK2, REL, FANCL, BCL11A, USP34, HTR3C, EPHB3, MAP3K13, EIF4A2, LPP, TP63, MCF2L2, ETV5, DGKG, RFC4, BCL6, ATP13A5, IL7R, UGT3A2, RIMS2, PKHD1L1, UBR5, CSMD3, COL14A1, EXT1, TRIB1, MYC, PRKACG, MYO16, GRK1, JAG1	TJP2, FAM189A2, C9orf135, MAMDC2, SMC5, C9orf85, GDA, LINC01504, TMC1, ANXA1, LOC101927358, BANCR, APBA1, PTAR1, C9orf135-AS1, MAMDC2-AS1, SMC5-AS1, KLF9, TRPM3, MIR204, TMEM2, ABHD17B, C9orf57, ZFAND5, LINC01474, ALDH1A1	gr1
CGOV362	CGOV362T	chr10	19,792,001	20,130,001	3	0.73	MSH2, MSH6, FANCL, ETV5, EXT1, MYC	SOS1, CDKL4, MAP4K3, EML4, PRKCE, MSH2, MSH6, LHCGR, PSME4, VRK2, REL, FANCL, BCL11A, USP34, HTR3C, EPHB3, MAP3K13, EIF4A2, LPP, TP63, MCF2L2, ETV5, DGKG, RFC4, BCL6, ATP13A5, IL7R, UGT3A2, RIMS2, PKHD1L1, UBR5, CSMD3, COL14A1, EXT1, TRIB1, MYC, PRKACG, MYO16, GRK1, JAG1	LOC101928834	gr1
CGOV362	CGOV362T	chr10	24,518,001	24,828,001	4	1.14	MSH2, MSH6, FANCL, ETV5, EXT1, MYC	SOS1, CDKL4, MAP4K3, EML4, PRKCE, MSH2, MSH6, LHCGR, PSME4, VRK2, REL, FANCL, BCL11A, USP34, HTR3C, EPHB3, MAP3K13, EIF4A2, LPP, TP63, MCF2L2, ETV5, DGKG, RFC4, BCL6, ATP13A5, IL7R, UGT3A2, RIMS2, PKHD1L1, UBR5, CSMD3, COL14A1, EXT1, TRIB1, MYC, PRKACG, MYO16, GRK1, JAG1	MIR603	gr1
CGOV362	CGOV362T	chr10	64,853,001	65,080,001	3	0.76	MSH2, MSH6, FANCL, ETV5, EXT1, MYC	SOS1, CDKL4, MAP4K3, EML4, PRKCE, MSH2, MSH6, LHCGR, PSME4, VRK2, REL, FANCL, BCL11A, USP34, HTR3C, EPHB3, MAP3K13, EIF4A2, LPP, TP63, MCF2L2, ETV5, DGKG, RFC4, BCL6, ATP13A5, IL7R, UGT3A2, RIMS2, PKHD1L1, UBR5, CSMD3, COL14A1, EXT1, TRIB1, MYC, PRKACG, MYO16, GRK1, JAG1	JMJD1C-AS1, REEP3	gr1
CGOV362	CGOV362T	chr10	96,891,001	97,113,001	3	0.79	MSH2, MSH6, FANCL, ETV5, EXT1, MYC	SOS1, CDKL4, MAP4K3, EML4, PRKCE, MSH2, MSH6, LHCGR, PSME4, VRK2, REL, FANCL, BCL11A, USP34, HTR3C, EPHB3, MAP3K13, EIF4A2, LPP, TP63, MCF2L2, ETV5, DGKG, RFC4, BCL6, ATP13A5, IL7R, UGT3A2, RIMS2, PKHD1L1, UBR5, CSMD3, COL14A1, EXT1, TRIB1, MYC, PRKACG, MYO16, GRK1, JAG1	ACSM6, PDLIM1	gr1
CGOV362	CGOV362T	chr10	97,114,001	97,124,001	6	1.5	MSH2, MSH6, FANCL, ETV5, EXT1, MYC	SOS1, CDKL4, MAP4K3, EML4, PRKCE, MSH2, MSH6, LHCGR, PSME4, VRK2, REL, FANCL, BCL11A, USP34, HTR3C, EPHB3, MAP3K13, EIF4A2, LPP, TP63, MCF2L2, ETV5, DGKG, RFC4, BCL6, ATP13A5, IL7R, UGT3A2, RIMS2, PKHD1L1, UBR5, CSMD3, COL14A1, EXT1, TRIB1, MYC, PRKACG, MYO16, GRK1, JAG1	NA	gr1
CGOV362	CGOV362T	chr10	117,215,001	117,222,001	5	1.31	NA	NA	NA	gr3
CGOV362	CGOV362T	chr12	11,135,001	11,924,001	5	1.15	MSH2, MSH6, FANCL, ETV5, EXT1, MYC	SOS1, CDKL4, MAP4K3, EML4, PRKCE, MSH2, MSH6, LHCGR, PSME4, VRK2, REL, FANCL, BCL11A, USP34, HTR3C, EPHB3, MAP3K13, EIF4A2, LPP, TP63, MCF2L2, ETV5, DGKG, RFC4, BCL6, ATP13A5, IL7R, UGT3A2, RIMS2, PKHD1L1, UBR5, CSMD3, COL14A1, EXT1, TRIB1, MYC, PRKACG, MYO16, GRK1, JAG1	SMIM10L1, LINC01252, TAS2R43, TAS2R30, TAS2R42, PRB3, PRB4, PRB1, PRB2	gr1
CGOV362	CGOV362T	chr12	24,174,001	24,635,001	3	0.72	MSH2, MSH6, FANCL, ETV5, EXT1, MYC	SOS1, CDKL4, MAP4K3, EML4, PRKCE, MSH2, MSH6, LHCGR, PSME4, VRK2, REL, FANCL, BCL11A, USP34, HTR3C, EPHB3, MAP3K13, EIF4A2, LPP, TP63, MCF2L2, ETV5, DGKG, RFC4, BCL6, ATP13A5, IL7R, UGT3A2, RIMS2, PKHD1L1, UBR5, CSMD3, COL14A1, EXT1, TRIB1, MYC, PRKACG, MYO16, GRK1, JAG1	MIR920, LOC101928471, LINC00477	gr1
CGOV362	CGOV362T	chr13	102,568,001	109,232,001	5	1.39	MSH2, MSH6, FANCL, ETV5, EXT1, MYC	SOS1, CDKL4, MAP4K3, EML4, PRKCE, MSH2, MSH6, LHCGR, PSME4, VRK2, REL, FANCL, BCL11A, USP34, HTR3C, EPHB3, MAP3K13, EIF4A2, LPP, TP63, MCF2L2, ETV5, DGKG, RFC4, BCL6, ATP13A5, IL7R, UGT3A2, RIMS2, PKHD1L1, UBR5, CSMD3, COL14A1, EXT1, TRIB1, MYC, PRKACG, MYO16, GRK1, JAG1	LINC01309, DAOA, LINC00343, LINC00460, LINC00551, LINC00443, ABHD13, TNFSF13B, MYO16, LINC00399, LINC00676, MIR548AS, DAOA-AS1, EFNB2, ARGLU1, FAM155A, FAM155A-IT1, LIG4, MYO16-AS1	gr1
CGOV362	CGOV362T	chr13	109,238,001	114,125,001	5	1.39	MSH2, MSH6, FANCL, ETV5, EXT1, MYC	SOS1, CDKL4, MAP4K3, EML4, PRKCE, MSH2, MSH6, LHCGR, PSME4, VRK2, REL, FANCL, BCL11A, USP34, HTR3C, EPHB3, MAP3K13, EIF4A2, LPP, TP63, MCF2L2, ETV5, DGKG, RFC4, BCL6, ATP13A5, IL7R, UGT3A2, RIMS2, PKHD1L1, UBR5, CSMD3, COL14A1, EXT1, TRIB1, MYC, PRKACG, MYO16, GRK1, JAG1	LINC00396, COL4A2, MIR8073, CARKD, ING1, LINC00431, LINC00368, ARHGEF7, TEX29, LINC00354, LINC00403, SOX1, LINC01070, SPACA7, ATP11AUN, ATP11A, MCF2L, F7, F10, PROZ, CUL4A, MIR8075, LAMP1, GRTP1-AS1, TMCO3, TFDP1, GRK1, LINC00565, GAS6, CDC16, MIR548AR, MIR4502, UPF3A, CHAMP1, COL4A1, COL4A2-AS1, RAB20, CARS2, LINC00346, ANKRD10, ARHGEF7-AS2, ARHGEF7-AS1, LOC101060553, LOC101928730, LINC01044, TUBGCP3, ATP11A-AS1, MCF2L-AS1, F10-AS1, PCID2, GRTP1, LOC101928841, ADPRHL1, DCUN1D2, ATP4B, LINC00452, GAS6-AS2, GAS6-AS1, TMEM255B, RASA3, LINC01054	gr1
CGOV362	CGOV362T	chr14	60,995,001	61,152,001	5	1.26	MSH2, MSH6, FANCL, ETV5, EXT1, MYC	SOS1, CDKL4, MAP4K3, EML4, PRKCE, MSH2, MSH6, LHCGR, PSME4, VRK2, REL, FANCL, BCL11A, USP34, HTR3C, EPHB3, MAP3K13, EIF4A2, LPP, TP63, MCF2L2, ETV5, DGKG, RFC4, BCL6, ATP13A5, IL7R, UGT3A2, RIMS2, PKHD1L1, UBR5, CSMD3, COL14A1, EXT1, TRIB1, MYC, PRKACG, MYO16, GRK1, JAG1	LOC101927780	gr1
CGOV362	CGOV362T	chr14	61,153,001	61,581,001	3	0.81	MSH2, MSH6, FANCL, ETV5, EXT1, MYC	SOS1, CDKL4, MAP4K3, EML4, PRKCE, MSH2, MSH6, LHCGR, PSME4, VRK2, REL, FANCL, BCL11A, USP34, HTR3C, EPHB3, MAP3K13, EIF4A2, LPP, TP63, MCF2L2, ETV5, DGKG, RFC4, BCL6, ATP13A5, IL7R, UGT3A2, RIMS2, PKHD1L1, UBR5, CSMD3, COL14A1, EXT1, TRIB1, MYC, PRKACG, MYO16, GRK1, JAG1	HIF1A, SNAPC1, HIF1A-AS1, HIF1A-AS2	gr1
CGOV362	CGOV362T	chr14	95,504,001	95,509,001	5	1.17	NA	NA	NA	gr4
CGOV362	CGOV362T	chr20	3,266,001	3,318,001	5	1.21	NA	NA	NA	gr5
CGOV362	CGOV362T	chr20	7,362,001	7,485,001	5	1.18	MSH2, MSH6, FANCL, ETV5, EXT1, MYC	SOS1, CDKL4, MAP4K3, EML4, PRKCE, MSH2, MSH6, LHCGR, PSME4, VRK2, REL, FANCL, BCL11A, USP34, HTR3C, EPHB3, MAP3K13, EIF4A2, LPP, TP63, MCF2L2, ETV5, DGKG, RFC4, BCL6, ATP13A5, IL7R, UGT3A2, RIMS2, PKHD1L1, UBR5, CSMD3, COL14A1, EXT1, TRIB1, MYC, PRKACG, MYO16, GRK1, JAG1	NA	gr1
CGOV362	CGOV362T	chr20	7,489,001	8,492,001	5	1.23	MSH2, MSH6, FANCL, ETV5, EXT1, MYC	SOS1, CDKL4, MAP4K3, EML4, PRKCE, MSH2, MSH6, LHCGR, PSME4, VRK2, REL, FANCL, BCL11A, USP34, HTR3C, EPHB3, MAP3K13, EIF4A2, LPP, TP63, MCF2L2, ETV5, DGKG, RFC4, BCL6, ATP13A5, IL7R, UGT3A2, RIMS2, PKHD1L1, UBR5, CSMD3, COL14A1, EXT1, TRIB1, MYC, PRKACG, MYO16, GRK1, JAG1	HAO1, TMX4	gr1
CGOV362	CGOV362T	chr20	9,993,001	12,052,001	5	1.24	MSH2, MSH6, FANCL, ETV5, EXT1, MYC	SOS1, CDKL4, MAP4K3, EML4, PRKCE, MSH2, MSH6, LHCGR, PSME4, VRK2, REL, FANCL, BCL11A, USP34, HTR3C, EPHB3, MAP3K13, EIF4A2, LPP, TP63, MCF2L2, ETV5, DGKG, RFC4, BCL6, ATP13A5, IL7R, UGT3A2, RIMS2, PKHD1L1, UBR5, CSMD3, COL14A1, EXT1, TRIB1, MYC, PRKACG, MYO16, GRK1, JAG1	SNAP25, SLX4IP, LOC101929395, BTBD3, MKKS, JAG1, MIR6870, LOC101929413, LOC339593, LINC00687	gr1
CGOV369	CGOV369T	chr3	118,142,001	118,147,001	8	1	NA	NA	NA	gr1
CGOV369	CGOV369T	chr18	18,774,001	18,785,001	9	1.09	NA	NA	NA	gr2
CGOV375	CGOV375T	chr8	118,798,001	118,813,001	39	3.12	MYC	MYC	NA	gr1
CGOV375	CGOV375T	chr8	118,818,001	118,857,001	11	1.48	MYC	MYC	NA	gr1
CGOV375	CGOV375T	chr8	119,239,001	119,250,001	33	2.88	MYC	MYC	NA	gr1
CGOV375	CGOV375T	chr8	119,285,001	119,334,001	24	2.46	MYC	MYC	NA	gr1
CGOV375	CGOV375T	chr8	120,306,001	120,343,001	32	2.83	MYC	MYC	NA	gr1
CGOV375	CGOV375T	chr8	120,429,001	120,472,001	31	2.81	MYC	MYC	NA	gr1
CGOV375	CGOV375T	chr8	120,473,001	120,492,001	23	2.43	MYC	MYC	NA	gr1
CGOV375	CGOV375T	chr8	120,983,001	120,998,001	31	2.79	MYC	MYC	NA	gr1
CGOV375	CGOV375T	chr8	121,858,001	121,902,001	53	3.54	MYC	MYC	NA	gr1
CGOV375	CGOV375T	chr8	121,903,001	121,929,001	25	2.52	MYC	MYC	NA	gr1
CGOV375	CGOV375T	chr8	122,340,001	122,410,001	25	2.51	MYC	MYC	NA	gr1
CGOV375	CGOV375T	chr8	122,536,001	122,580,001	32	2.84	MYC	MYC	NA	gr1
CGOV375	CGOV375T	chr8	128,219,001	128,234,001	33	2.89	MYC	MYC	NA	gr1
CGOV375	CGOV375T	chr8	128,465,001	128,532,001	34	2.95	MYC	MYC	CCAT2, POU5F1B	gr1
CGOV375	CGOV375T	chr8	128,533,001	128,573,001	64	3.82	MYC	MYC	NA	gr1
CGOV375	CGOV375T	chr8	128,574,001	128,936,001	34	2.94	MYC	MYC	MYC, MIR1204, CASC11	gr1
CGOV375	CGOV375T	chr8	129,305,001	129,346,001	24	2.44	MYC	MYC	NA	gr1
CGOV375	CGOV375T	chr8	130,609,001	130,618,001	25	2.49	MYC	MYC	NA	gr1
CGOV375	CGOV375T	chr8	130,632,001	130,712,001	24	2.46	MYC	MYC	NA	gr1
CGOV375	CGOV375T	chr8	130,732,001	130,795,001	26	2.56	MYC	MYC	NA	gr1
CGOV375	CGOV375T	chr8	131,149,001	131,176,001	24	2.47	MYC	MYC	ASAP1-IT2	gr1
CGOV375	CGOV375T	chr8	131,185,001	131,199,001	24	2.44	MYC	MYC	NA	gr1
CGOV375	CGOV375T	chr8	131,227,001	131,268,001	33	2.91	MYC	MYC	NA	gr1
CGOV375	CGOV375T	chr8	131,288,001	131,299,001	11	1.48	MYC	MYC	NA	gr1
CGOV375	CGOV375T	chr8	131,313,001	131,317,001	18	2.11	MYC	MYC	NA	gr1
CGOV375	CGOV375T	chr8	131,318,001	131,441,001	29	2.7	MYC	MYC	ASAP1-IT1	gr1
CGOV375	CGOV375T	chr12	6,713,001	7,459,001	22	2.37	NA	CD163	PTMS, LAG3, CD4, GPR162, P3H3, GNB3, USP5, TPI1, RPL13P5, DSTNP2, LRRC23, ENO2, ATN1, C12orf57, PTPN6, MIR200C, MIR141, EMG1, C1S, C1RL-AS1, CLSTN3, PEX5, ACSM4, MLF2, CDCA3, SPSB2, PHB2, SCARNA12, LPCAT3, C1R, C1RL, RBP5	gr2
CGOV375	CGOV375T	chr12	7,475,001	8,399,001	10	1.3	NA	CD163	DPPA3, NANOGNB, NANOG, FOXJ2, NECAP1, CLEC4A, ZNF705A, FAM66C, LOC101927905, CD163, APOBEC1, GDF3, CLEC4C, SLC2A14, SLC2A3, C3AR1, POU5F1P3, FAM90A1, FAM86FP	gr2
CGOV375	CGOV375T	chr12	8,489,001	9,246,001	10	1.38	NA	CD163	CLEC6A, CLEC4D, RIMKLB, A2ML1, PHC1, KLRG1, A2M-AS1, CLEC4E, AICDA, MFAP5, M6PR, LINC00612, A2M	gr2
CGOV375	CGOV375T	chr12	11,243,001	11,245,001	11	1.45	NA	ETV6, LRP6	NA	gr3
CGOV375	CGOV375T	chr12	11,246,001	12,422,001	15	1.81	NA	ETV6, LRP6	LINC01252, ETV6, BCL2L14, MIR1244-1, MIR1244-2, MIR1244-3, MIR1244-4, PRB3, PRB4, PRB1, PRB2, LRP6, MANSC1, LOH12CR2	gr3
CGOV375	CGOV375T	chr12	12,434,001	12,487,001	19	2.12	NA	ETV6, LRP6	NA	gr3
CGOV375	CGOV375T	chr12	12,672,001	12,735,001	18	2.09	NA	ETV6, LRP6	NA	gr3
CGOV291	CGOV291Te	chr1	144,542,001	147,302,001	7	1.08	NTRK1, DDR2, PRSS1	BCL9, FLG, FLG2, TPM3, SHE, MUC1, CLK2, ASH1L, PRCC, NTRK1, INSRR, FCRL4, FCGR2B, DDR2, PBX1, PRRX1, SCYL3, TNN, PAPPA2, TNR, ASTN1, TDRD5, RGL1, HMCN1, RNASEL, TPR, LGR6, PIK3C2B, DSTYK, CDK18, IKBKE, DYRK3, MAPKAPK2, CAMK1G, NUAK2, ELK4, SLC45A3, CENPF, USH2A, MARK1, ADCK3, GUK1, OBSCN, CDC42BPA, NUP133, CAMK2B, PRSS1	PDIA3P1, CHD1L, BCL9, GJA8, GPR89B, MIR6077, LOC100132057, RNVU1-19, NBPF15, LOC101060524, DRD5P2, LOC645166, PDZK1P1, NBPF11, LOC728989, RNVU1-8, NBPF13P, PRKAB2, FMO5, LINC00624, ACP6, GJA5, NBPF8, NBPF10, CH17-408M7.1, LOC101927468, MIR5087, RNU1-13P, PPIAL4C, PPIAL4E, PPIAL4D, PPIAL4F, NBPF14, NBPF9	gr1
CGOV291	CGOV291Te	chr1	149,926,001	151,918,001	7	1.05	NTRK1, DDR2, PRSS1	BCL9, FLG, FLG2, TPM3, SHE, MUC1, CLK2, ASH1L, PRCC, NTRK1, INSRR, FCRL4, FCGR2B, DDR2, PBX1, PRRX1, SCYL3, TNN, PAPPA2, TNR, ASTN1, TDRD5, RGL1, HMCN1, RNASEL, TPR, LGR6, PIK3C2B, DSTYK, CDK18, IKBKE, DYRK3, MAPKAPK2, CAMK1G, NUAK2, ELK4, SLC45A3, CENPF, USH2A, MARK1, ADCK3, GUK1, OBSCN, CDC42BPA, NUP133, CAMK2B, PRSS1	RIIAD1, OAZ3, LOC100132111, NBPF18P, FLG-AS1, LCE5A, CRCT1, LCE3C, LCE3B, LCE2D, LCE2C, LCE2B, LCE2A, LCE4A, C1orf68, KPRP, LCE1F, LCE1E, LCE1D, LCE1B, LCE1A, LCE6A, SMCP, IVL, SPRR4, SPRR1A, SPRR3, SPRR1B, LOC101928009, LELP1, PRR9, LOR, S100A9, S100A7A, LOC101928034, S100A1, CHTOP, SNAPIN, CELF3, MRPL9, TDRKH, LINGO4, RORC, C2CD4D, THEM5, THEM4, S100A10, S100A11, LOC100131107, TCHHL1, TCHH, RPTN, HRNR, FLG, FLG2, CRNN, LCE3E, LCE3D, LCE3A, LCE1C, SPRR2D, SPRR2A, SPRR2B, SPRR2E, SPRR2F, SPRR2C, SPRR2G, PGLYRP3, PGLYRP4, S100A12, S100A8, S100A7L2, S100A7, S100A6, S100A5, S100A4, S100A3, S100A2, S100A16, S100A14, S100A13, ILF2	gr1
CGOV291	CGOV291Te	chr1	152,382,001	152,778,001	6	0.83	NTRK1, DDR2, PRSS1	BCL9, FLG, FLG2, TPM3, SHE, MUC1, CLK2, ASH1L, PRCC, NTRK1, INSRR, FCRL4, FCGR2B, DDR2, PBX1, PRRX1, SCYL3, TNN, PAPPA2, TNR, ASTN1, TDRD5, RGL1, HMCN1, RNASEL, TPR, LGR6, PIK3C2B, DSTYK, CDK18, IKBKE, DYRK3, MAPKAPK2, CAMK1G, NUAK2, ELK4, SLC45A3, CENPF, USH2A, MARK1, ADCK3, GUK1, OBSCN, CDC42BPA, NUP133, CAMK2B, PRSS1	UBAP2L, HAX1, AQP10, ATP8B2, IL6R, TPM3, MIR190B, C1orf189, C1orf43, SHE	gr1
CGOV291	CGOV291Te	chr1	152,779,001	153,563,001	7	1.08	NTRK1, DDR2, PRSS1	BCL9, FLG, FLG2, TPM3, SHE, MUC1, CLK2, ASH1L, PRCC, NTRK1, INSRR, FCRL4, FCGR2B, DDR2, PBX1, PRRX1, SCYL3, TNN, PAPPA2, TNR, ASTN1, TDRD5, RGL1, HMCN1, RNASEL, TPR, LGR6, PIK3C2B, DSTYK, CDK18, IKBKE, DYRK3, MAPKAPK2, CAMK1G, NUAK2, ELK4, SLC45A3, CENPF, USH2A, MARK1, ADCK3, GUK1, OBSCN, CDC42BPA, NUP133, CAMK2B, PRSS1	UBE2Q1-AS1, CHRNB2, CKS1B, MIR4258, FLAD1, LENEP, ZBTB7B, DCST1, ADAM15, EFNA4, EFNA3, EFNA1, SLC50A1, TRIM46, MIR92B, MTX1, HCN3, FDPS, UBE2Q1, ADAR, KCNN3, PMVK, PBXIP1, PYGO2, SHC1, DCST2, LOC100505666, DPM3, KRTCAP2, MUC1, THBS3, GBAP1, GBA, FAM189B, SCAMP3, CLK2, PKLR, RUSC1-AS1	gr1
CGOV291	CGOV291Te	chr1	153,564,001	153,842,001	5	0.68	NTRK1, DDR2, PRSS1	BCL9, FLG, FLG2, TPM3, SHE, MUC1, CLK2, ASH1L, PRCC, NTRK1, INSRR, FCRL4, FCGR2B, DDR2, PBX1, PRRX1, SCYL3, TNN, PAPPA2, TNR, ASTN1, TDRD5, RGL1, HMCN1, RNASEL, TPR, LGR6, PIK3C2B, DSTYK, CDK18, IKBKE, DYRK3, MAPKAPK2, CAMK1G, NUAK2, ELK4, SLC45A3, CENPF, USH2A, MARK1, ADCK3, GUK1, OBSCN, CDC42BPA, NUP133, CAMK2B, PRSS1	POU5F1P4, ASH1L-AS1, ASH1L, MIR555	gr1
CGOV291	CGOV291Te	chr1	154,148,001	159,044,001	7	1.06	NTRK1, DDR2, PRSS1	BCL9, FLG, FLG2, TPM3, SHE, MUC1, CLK2, ASH1L, PRCC, NTRK1, INSRR, FCRL4, FCGR2B, DDR2, PBX1, PRRX1, SCYL3, TNN, PAPPA2, TNR, ASTN1, TDRD5, RGL1, HMCN1, RNASEL, TPR, LGR6, PIK3C2B, DSTYK, CDK18, IKBKE, DYRK3, MAPKAPK2, CAMK1G, NUAK2, ELK4, SLC45A3, CENPF, USH2A, MARK1, ADCK3, GUK1, OBSCN, CDC42BPA, NUP133, CAMK2B, PRSS1	RXFP4, LAMTOR2, RAB25, LMNA, SEMA4A, SLC25A44, PMF1, PMF1-BGLAP, BGLAP, TMEM79, TSACC, RHBG, TTC24, APOA1BP, HAPLN2, BCAN, RRNAD1, PRCC, NTRK1, PEAR1, LRRC71, CYCSP52, KIRREL, CD1D, CD1A, CD1C, CD1E, OR10K1, OR10R2, OR10Z1, OR6K6, MNDA, PYHIN1, IFI16, CADM3, ACKR1, FCER1A, OR10J1, APCS, DUSP23, FCRL6, SLAMF8, LINC01133, KCNJ9, ATP1A2, ATP1A4, CASQ1, PEA15, SUMO1P3, NCSTN, NHLH1, VANGL2, SLAMF7, LY9, KIAA0907, SNORA80E, SCARNA4, ARHGEF2, MIR6738, SSR2, UBQLN4, MEX3A, PAQR6, SMG5, GLMP, VHLL, CCT3, C1orf61, MIR9-1, MEF2D, IQGAP3, GPATCH4, NES, CRABP2, ISG20L2, MRPL24, HDGF, SH2D2A, INSRR, ARHGEF11, MIR765, ETV3L, ETV3, FCRL5, FCRL4, FCRL3, FCRL2, FCRL1, CD5L, LOC646268, CD1B, OR10T2, OR10K2, OR6Y1, OR6P1, OR10X1, SPTA1, OR6K2, OR6K3, OR6N1, OR6N2, AIM2, CADM3-AS1, OR10J3, OR10J5, CRP, C1orf204, VSIG8, CFAP45, MIR4259, TAGLN2, IGSF9, SLAMF9, PIGM, KCNJ10, IGSF8, LOC729867, DCAF8, PEX19, COPA, SLAMF6, CD84, SLAMF1, CD48	gr1
CGOV291	CGOV291Te	chr1	159,054,001	159,079,001	7	1.04	NTRK1, DDR2, PRSS1	BCL9, FLG, FLG2, TPM3, SHE, MUC1, CLK2, ASH1L, PRCC, NTRK1, INSRR, FCRL4, FCGR2B, DDR2, PBX1, PRRX1, SCYL3, TNN, PAPPA2, TNR, ASTN1, TDRD5, RGL1, HMCN1, RNASEL, TPR, LGR6, PIK3C2B, DSTYK, CDK18, IKBKE, DYRK3, MAPKAPK2, CAMK1G, NUAK2, ELK4, SLC45A3, CENPF, USH2A, MARK1, ADCK3, GUK1, OBSCN, CDC42BPA, NUP133, CAMK2B, PRSS1	NA	gr1
CGOV291	CGOV291Te	chr1	159,669,001	160,636,001	7	1.04	NTRK1, DDR2, PRSS1	BCL9, FLG, FLG2, TPM3, SHE, MUC1, CLK2, ASH1L, PRCC, NTRK1, INSRR, FCRL4, FCGR2B, DDR2, PBX1, PRRX1, SCYL3, TNN, PAPPA2, TNR, ASTN1, TDRD5, RGL1, HMCN1, RNASEL, TPR, LGR6, PIK3C2B, DSTYK, CDK18, IKBKE, DYRK3, MAPKAPK2, CAMK1G, NUAK2, ELK4, SLC45A3, CENPF, USH2A, MARK1, ADCK3, GUK1, OBSCN, CDC42BPA, NUP133, CAMK2B, PRSS1	FCGR2A, HSPA6, FCGR2C, HSPA7, FCGR2B, FCRLA, FCRLB, DUSP12, ATF6, NOS1AP, MIR4654, MIR556, C1orf226, FCGR3A, FCGR3B, RPL31P11, OLFML2B, C1orf111	gr1
CGOV291	CGOV291Te	chr1	160,801,001	163,937,001	7	1.06	NTRK1, DDR2, PRSS1	BCL9, FLG, FLG2, TPM3, SHE, MUC1, CLK2, ASH1L, PRCC, NTRK1, INSRR, FCRL4, FCGR2B, DDR2, PBX1, PRRX1, SCYL3, TNN, PAPPA2, TNR, ASTN1, TDRD5, RGL1, HMCN1, RNASEL, TPR, LGR6, PIK3C2B, DSTYK, CDK18, IKBKE, DYRK3, MAPKAPK2, CAMK1G, NUAK2, ELK4, SLC45A3, CENPF, USH2A, MARK1, ADCK3, GUK1, OBSCN, CDC42BPA, NUP133, CAMK2B, PRSS1	DDR2, HSD17B7, RGS4, LOC101928404, NUF2, PBX1, LRRC52, MGST3, C1orf110, RGS5, LOC100422212, LOC100505795, LMX1A, RXRG, LOC400794, ALDH9A1	gr1
CGOV291	CGOV291Te	chr1	164,070,001	169,578,001	7	1.02	NTRK1, DDR2, PRSS1	BCL9, FLG, FLG2, TPM3, SHE, MUC1, CLK2, ASH1L, PRCC, NTRK1, INSRR, FCRL4, FCGR2B, DDR2, PBX1, PRRX1, SCYL3, TNN, PAPPA2, TNR, ASTN1, TDRD5, RGL1, HMCN1, RNASEL, TPR, LGR6, PIK3C2B, DSTYK, CDK18, IKBKE, DYRK3, MAPKAPK2, CAMK1G, NUAK2, ELK4, SLC45A3, CENPF, USH2A, MARK1, ADCK3, GUK1, OBSCN, CDC42BPA, NUP133, CAMK2B, PRSS1	MIR3658, FMO9P, POGK, MAEL, DUSP27, POU2F1, RCSD1, MPZL1, DCAF6, MIR1255B2, TIPRL, SFT2D2, TBX19, MIR557, XCL1, LINC00626, ATP1B1, BLZF1, C1orf112, METTL11B, MIR3119-2, GORAB, PRRX1, MROH9, MIR6801, FMO3, MIR1295B, FMO6P, FMO2, FMO1, FMO4, TOP1P1, FAM78B, MIR921, TADA1, ILDR2, GPA33, LINC01363, CD247, CREG1, ADCY10, MPC2, GPR161, ANKRD36BP1, LOC100505918, LOC101928565, XCL2, DPT, LINC00970, NME7, CCDC181, SLC19A2, F5, SELP, SELL, SELE, METTL18, SCYL3, KIFAP3, MIR3119-1, LINC01142, LOC101928650, MIR1295A	gr1
CGOV291	CGOV291Te	chr1	169,579,001	169,987,001	6	0.79	NTRK1, DDR2, PRSS1	BCL9, FLG, FLG2, TPM3, SHE, MUC1, CLK2, ASH1L, PRCC, NTRK1, INSRR, FCRL4, FCGR2B, DDR2, PBX1, PRRX1, SCYL3, TNN, PAPPA2, TNR, ASTN1, TDRD5, RGL1, HMCN1, RNASEL, TPR, LGR6, PIK3C2B, DSTYK, CDK18, IKBKE, DYRK3, MAPKAPK2, CAMK1G, NUAK2, ELK4, SLC45A3, CENPF, USH2A, MARK1, ADCK3, GUK1, OBSCN, CDC42BPA, NUP133, CAMK2B, PRSS1	PRRC2C, MYOC, VAMP4	gr1
CGOV291	CGOV291Te	chr1	169,988,001	171,797,001	7	1.08	NTRK1, DDR2, PRSS1	BCL9, FLG, FLG2, TPM3, SHE, MUC1, CLK2, ASH1L, PRCC, NTRK1, INSRR, FCRL4, FCGR2B, DDR2, PBX1, PRRX1, SCYL3, TNN, PAPPA2, TNR, ASTN1, TDRD5, RGL1, HMCN1, RNASEL, TPR, LGR6, PIK3C2B, DSTYK, CDK18, IKBKE, DYRK3, MAPKAPK2, CAMK1G, NUAK2, ELK4, SLC45A3, CENPF, USH2A, MARK1, ADCK3, GUK1, OBSCN, CDC42BPA, NUP133, CAMK2B, PRSS1	METTL13, DNM3, DNM3-IT1, MIR3120, C1orf105, SUCO, FASLG, PRDX6, DNM3OS, MIR214, MIR199A2, PIGC, TNFSF18, TNFSF4, LOC100506023, LOC101928673	gr1
CGOV291	CGOV291Te	chr1	173,197,001	177,375,001	7	1.03	NTRK1, DDR2, PRSS1	BCL9, FLG, FLG2, TPM3, SHE, MUC1, CLK2, ASH1L, PRCC, NTRK1, INSRR, FCRL4, FCGR2B, DDR2, PBX1, PRRX1, SCYL3, TNN, PAPPA2, TNR, ASTN1, TDRD5, RGL1, HMCN1, RNASEL, TPR, LGR6, PIK3C2B, DSTYK, CDK18, IKBKE, DYRK3, MAPKAPK2, CAMK1G, NUAK2, ELK4, SLC45A3, CENPF, USH2A, MARK1, ADCK3, GUK1, OBSCN, CDC42BPA, NUP133, CAMK2B, PRSS1	RABGAP1L, CACYBP, TNN, LOC101928751, PAPPA2, BRINP2, LOC102724661, LOC101928778, RASAL2, TEX35, C1orf220, MIR4424, RALGPS2, FAM20B, TOR3A, MRPS14, KIAA0040, TNR, RFWD2, SCARNA3, ASTN1, MIR488, SEC16B, LOC730102, RASAL2-AS1, ANGPTL1	gr1
CGOV291	CGOV291Te	chr1	177,658,001	185,982,001	7	0.98	NTRK1, DDR2, PRSS1	BCL9, FLG, FLG2, TPM3, SHE, MUC1, CLK2, ASH1L, PRCC, NTRK1, INSRR, FCRL4, FCGR2B, DDR2, PBX1, PRRX1, SCYL3, TNN, PAPPA2, TNR, ASTN1, TDRD5, RGL1, HMCN1, RNASEL, TPR, LGR6, PIK3C2B, DSTYK, CDK18, IKBKE, DYRK3, MAPKAPK2, CAMK1G, NUAK2, ELK4, SLC45A3, CENPF, USH2A, MARK1, ADCK3, GUK1, OBSCN, CDC42BPA, NUP133, CAMK2B, PRSS1	TDRD5, FAM163A, TOR1AIP1, CEP350, QSOX1, FLJ23867, LHX4, OVAAL, XPR1, KIAA1614, MR1, IER5, LOC101928973, GM140, CACNA1E, LINC00272, RGSL1, LOC284648, NPL, DHX9, LAMC1, LAMC2, SMG7, RGL1, TSEN15, C1orf21, RNF2, SWT1, HMCN1, PRG4, C1orf27, OCLM, LOC102724919, PACERR, PLA2G4A, LINC01036, LINC01037, NPHS2, TOR1AIP2, LHX4-AS1, ACBD6, MIR3121, STX6, ZNF648, LINC01344, GLUL, TEDDM1, RNASEL, RGS16, RGS8, SHCBP1L, NMNAT2, SMG7-AS1, NCF2, ARPC5, APOBEC4, COLGALT2, EDEM3, FAM129A, TRMT1L, IVNS1ABP, GS1-279B7.1, LINC01350, RNU6-72P, TPR, PDC, PTGS2	gr1
CGOV291	CGOV291Te	chr1	198,844,001	199,190,001	6	0.79	NTRK1, DDR2, PRSS1	BCL9, FLG, FLG2, TPM3, SHE, MUC1, CLK2, ASH1L, PRCC, NTRK1, INSRR, FCRL4, FCGR2B, DDR2, PBX1, PRRX1, SCYL3, TNN, PAPPA2, TNR, ASTN1, TDRD5, RGL1, HMCN1, RNASEL, TPR, LGR6, PIK3C2B, DSTYK, CDK18, IKBKE, DYRK3, MAPKAPK2, CAMK1G, NUAK2, ELK4, SLC45A3, CENPF, USH2A, MARK1, ADCK3, GUK1, OBSCN, CDC42BPA, NUP133, CAMK2B, PRSS1	LOC101929224, CAMSAP2, GPR25, C1orf106, DDX59	gr1
CGOV291	CGOV291Te	chr1	199,191,001	200,152,001	7	1.02	NTRK1, DDR2, PRSS1	BCL9, FLG, FLG2, TPM3, SHE, MUC1, CLK2, ASH1L, PRCC, NTRK1, INSRR, FCRL4, FCGR2B, DDR2, PBX1, PRRX1, SCYL3, TNN, PAPPA2, TNR, ASTN1, TDRD5, RGL1, HMCN1, RNASEL, TPR, LGR6, PIK3C2B, DSTYK, CDK18, IKBKE, DYRK3, MAPKAPK2, CAMK1G, NUAK2, ELK4, SLC45A3, CENPF, USH2A, MARK1, ADCK3, GUK1, OBSCN, CDC42BPA, NUP133, CAMK2B, PRSS1	IGFN1, PKP1, RPS10P7, NAV1, MIR5191, MIR1231, IPO9, MIR6739, SHISA4, KIF21B, CACNA1S, ASCL5, TMEM9, TNNT2, LAD1, TNNI1, PHLDA3, CSRP1, IPO9-AS1, RNU6-79P	gr1
CGOV291	CGOV291Te	chr1	200,413,001	200,565,001	7	1.05	NTRK1, DDR2, PRSS1	BCL9, FLG, FLG2, TPM3, SHE, MUC1, CLK2, ASH1L, PRCC, NTRK1, INSRR, FCRL4, FCGR2B, DDR2, PBX1, PRRX1, SCYL3, TNN, PAPPA2, TNR, ASTN1, TDRD5, RGL1, HMCN1, RNASEL, TPR, LGR6, PIK3C2B, DSTYK, CDK18, IKBKE, DYRK3, MAPKAPK2, CAMK1G, NUAK2, ELK4, SLC45A3, CENPF, USH2A, MARK1, ADCK3, GUK1, OBSCN, CDC42BPA, NUP133, CAMK2B, PRSS1	LGR6	gr1
CGOV291	CGOV291Te	chr1	200,663,001	200,982,001	7	1.15	NTRK1, DDR2, PRSS1	BCL9, FLG, FLG2, TPM3, SHE, MUC1, CLK2, ASH1L, PRCC, NTRK1, INSRR, FCRL4, FCGR2B, DDR2, PBX1, PRRX1, SCYL3, TNN, PAPPA2, TNR, ASTN1, TDRD5, RGL1, HMCN1, RNASEL, TPR, LGR6, PIK3C2B, DSTYK, CDK18, IKBKE, DYRK3, MAPKAPK2, CAMK1G, NUAK2, ELK4, SLC45A3, CENPF, USH2A, MARK1, ADCK3, GUK1, OBSCN, CDC42BPA, NUP133, CAMK2B, PRSS1	PPP1R12B, SYT2	gr1
CGOV291	CGOV291Te	chr1	201,256,001	201,772,001	8	1.16	NTRK1, DDR2, PRSS1	BCL9, FLG, FLG2, TPM3, SHE, MUC1, CLK2, ASH1L, PRCC, NTRK1, INSRR, FCRL4, FCGR2B, DDR2, PBX1, PRRX1, SCYL3, TNN, PAPPA2, TNR, ASTN1, TDRD5, RGL1, HMCN1, RNASEL, TPR, LGR6, PIK3C2B, DSTYK, CDK18, IKBKE, DYRK3, MAPKAPK2, CAMK1G, NUAK2, ELK4, SLC45A3, CENPF, USH2A, MARK1, ADCK3, GUK1, OBSCN, CDC42BPA, NUP133, CAMK2B, PRSS1	PPFIA4, ADORA1, LINC01353, BTG2, PRELP, OPTC, MYOG, MYBPH, CHI3L1, CHIT1, LINC01136, FMOD	gr1
CGOV291	CGOV291Te	chr1	202,312,001	202,739,001	7	1.14	NTRK1, DDR2, PRSS1	BCL9, FLG, FLG2, TPM3, SHE, MUC1, CLK2, ASH1L, PRCC, NTRK1, INSRR, FCRL4, FCGR2B, DDR2, PBX1, PRRX1, SCYL3, TNN, PAPPA2, TNR, ASTN1, TDRD5, RGL1, HMCN1, RNASEL, TPR, LGR6, PIK3C2B, DSTYK, CDK18, IKBKE, DYRK3, MAPKAPK2, CAMK1G, NUAK2, ELK4, SLC45A3, CENPF, USH2A, MARK1, ADCK3, GUK1, OBSCN, CDC42BPA, NUP133, CAMK2B, PRSS1	LOC101929441, ETNK2, REN, KISS1, GOLT1A, PLEKHA6, LINC00628, PPP1R15B, PIK3C2B	gr1
CGOV291	CGOV291Te	chr1	202,791,001	203,319,001	7	1.15	NTRK1, DDR2, PRSS1	BCL9, FLG, FLG2, TPM3, SHE, MUC1, CLK2, ASH1L, PRCC, NTRK1, INSRR, FCRL4, FCGR2B, DDR2, PBX1, PRRX1, SCYL3, TNN, PAPPA2, TNR, ASTN1, TDRD5, RGL1, HMCN1, RNASEL, TPR, LGR6, PIK3C2B, DSTYK, CDK18, IKBKE, DYRK3, MAPKAPK2, CAMK1G, NUAK2, ELK4, SLC45A3, CENPF, USH2A, MARK1, ADCK3, GUK1, OBSCN, CDC42BPA, NUP133, CAMK2B, PRSS1	NFASC, CNTN2, LRRN2	gr1
CGOV291	CGOV291Te	chr1	203,320,001	203,462,001	6	0.81	NTRK1, DDR2, PRSS1	BCL9, FLG, FLG2, TPM3, SHE, MUC1, CLK2, ASH1L, PRCC, NTRK1, INSRR, FCRL4, FCGR2B, DDR2, PBX1, PRRX1, SCYL3, TNN, PAPPA2, TNR, ASTN1, TDRD5, RGL1, HMCN1, RNASEL, TPR, LGR6, PIK3C2B, DSTYK, CDK18, IKBKE, DYRK3, MAPKAPK2, CAMK1G, NUAK2, ELK4, SLC45A3, CENPF, USH2A, MARK1, ADCK3, GUK1, OBSCN, CDC42BPA, NUP133, CAMK2B, PRSS1	RBBP5, DSTYK	gr1
CGOV291	CGOV291Te	chr1	203,463,001	208,144,001	7	1.12	NTRK1, DDR2, PRSS1	BCL9, FLG, FLG2, TPM3, SHE, MUC1, CLK2, ASH1L, PRCC, NTRK1, INSRR, FCRL4, FCGR2B, DDR2, PBX1, PRRX1, SCYL3, TNN, PAPPA2, TNR, ASTN1, TDRD5, RGL1, HMCN1, RNASEL, TPR, LGR6, PIK3C2B, DSTYK, CDK18, IKBKE, DYRK3, MAPKAPK2, CAMK1G, NUAK2, ELK4, SLC45A3, CENPF, USH2A, MARK1, ADCK3, GUK1, OBSCN, CDC42BPA, NUP133, CAMK2B, PRSS1	TMCC2, LEMD1-AS1, CDK18, MFSD4, LOC284581, FAM72C, FAM72A, AVPR1B, CTSE, SRGAP2C, SRGAP2, SRGAP2D, IKBKE, MIR6769B, RASSF5, DYRK3, MAPKAPK2, IL19, IL20, IL24, PFKFB2, C4BPB, C4BPA, CD55, CR2, CR1, CR1L, CD46, LOC148696, MIR205HG, MIR205, CAMK1G, G0S2, HSD11B1, TRAF3IP3, DIEXF, NUAK2, KLHDC8A, LEMD1, BLACAT1, MIR135B, LOC284578, ELK4, SLC45A3, NUCKS1, RAB29, SLC41A1, PM20D1, SLC26A9, C1orf186, EIF2D, IL10, FCMR, PIGR, FCAMR, C1orf116, YOD1, MIR29C, MIR29B2, CD34, PLXNA2, LAMB3, MIR4260, C1orf74, IRF6	gr1
CGOV291	CGOV291Te	chr1	211,445,001	215,900,001	7	1.04	NTRK1, DDR2, PRSS1	BCL9, FLG, FLG2, TPM3, SHE, MUC1, CLK2, ASH1L, PRCC, NTRK1, INSRR, FCRL4, FCGR2B, DDR2, PBX1, PRRX1, SCYL3, TNN, PAPPA2, TNR, ASTN1, TDRD5, RGL1, HMCN1, RNASEL, TPR, LGR6, PIK3C2B, DSTYK, CDK18, IKBKE, DYRK3, MAPKAPK2, CAMK1G, NUAK2, ELK4, SLC45A3, CENPF, USH2A, MARK1, ADCK3, GUK1, OBSCN, CDC42BPA, NUP133, CAMK2B, PRSS1	LINC00538, PROX1, SMYD2, CENPF, KCNK2, KCTD3, LOC102723833, PROX1-AS1, PTPN14, USH2A, ESRRG, GPATCH2	gr1
CGOV291	CGOV291Te	chr1	215,959,001	218,079,001	7	1.03	NTRK1, DDR2, PRSS1	BCL9, FLG, FLG2, TPM3, SHE, MUC1, CLK2, ASH1L, PRCC, NTRK1, INSRR, FCRL4, FCGR2B, DDR2, PBX1, PRRX1, SCYL3, TNN, PAPPA2, TNR, ASTN1, TDRD5, RGL1, HMCN1, RNASEL, TPR, LGR6, PIK3C2B, DSTYK, CDK18, IKBKE, DYRK3, MAPKAPK2, CAMK1G, NUAK2, ELK4, SLC45A3, CENPF, USH2A, MARK1, ADCK3, GUK1, OBSCN, CDC42BPA, NUP133, CAMK2B, PRSS1	LINC00210, LOC101929631, RRP15, TGFB2, MIR548F3, TGFB2-OT1, LYPLAL1, SPATA17-AS1, TGFB2-AS1, LYPLAL1-AS1	gr1
CGOV291	CGOV291Te	chr1	218,085,001	218,388,001	5	0.71	NTRK1, DDR2, PRSS1	BCL9, FLG, FLG2, TPM3, SHE, MUC1, CLK2, ASH1L, PRCC, NTRK1, INSRR, FCRL4, FCGR2B, DDR2, PBX1, PRRX1, SCYL3, TNN, PAPPA2, TNR, ASTN1, TDRD5, RGL1, HMCN1, RNASEL, TPR, LGR6, PIK3C2B, DSTYK, CDK18, IKBKE, DYRK3, MAPKAPK2, CAMK1G, NUAK2, ELK4, SLC45A3, CENPF, USH2A, MARK1, ADCK3, GUK1, OBSCN, CDC42BPA, NUP133, CAMK2B, PRSS1	RNU5F-1, SLC30A10, EPRS, BPNT1, MIR215, MIR194-1	gr1
CGOV291	CGOV291Te	chr1	218,389,001	219,669,001	7	1.01	NTRK1, DDR2, PRSS1	BCL9, FLG, FLG2, TPM3, SHE, MUC1, CLK2, ASH1L, PRCC, NTRK1, INSRR, FCRL4, FCGR2B, DDR2, PBX1, PRRX1, SCYL3, TNN, PAPPA2, TNR, ASTN1, TDRD5, RGL1, HMCN1, RNASEL, TPR, LGR6, PIK3C2B, DSTYK, CDK18, IKBKE, DYRK3, MAPKAPK2, CAMK1G, NUAK2, ELK4, SLC45A3, CENPF, USH2A, MARK1, ADCK3, GUK1, OBSCN, CDC42BPA, NUP133, CAMK2B, PRSS1	MARK1, C1orf115, MARC2, MARC1, LINC01352, HLX, MIR664A, SNORA36B, AURKAPS1, HLX-AS1, C1orf140	gr1
CGOV291	CGOV291Te	chr1	219,674,001	222,142,001	7	1.07	NTRK1, DDR2, PRSS1	BCL9, FLG, FLG2, TPM3, SHE, MUC1, CLK2, ASH1L, PRCC, NTRK1, INSRR, FCRL4, FCGR2B, DDR2, PBX1, PRRX1, SCYL3, TNN, PAPPA2, TNR, ASTN1, TDRD5, RGL1, HMCN1, RNASEL, TPR, LGR6, PIK3C2B, DSTYK, CDK18, IKBKE, DYRK3, MAPKAPK2, CAMK1G, NUAK2, ELK4, SLC45A3, CENPF, USH2A, MARK1, ADCK3, GUK1, OBSCN, CDC42BPA, NUP133, CAMK2B, PRSS1	TAF1A-AS1, MIA3, BROX, FAM177B, DISP1, CCDC185, CAPN2, DUSP10, LOC101929771, HHIPL2, TAF1A, AIDA, TLR5, SUSD4, CAPN8, TP53BP2	gr1
CGOV291	CGOV291Te	chr1	224,597,001	225,092,001	7	1.04	NTRK1, DDR2, PRSS1	BCL9, FLG, FLG2, TPM3, SHE, MUC1, CLK2, ASH1L, PRCC, NTRK1, INSRR, FCRL4, FCGR2B, DDR2, PBX1, PRRX1, SCYL3, TNN, PAPPA2, TNR, ASTN1, TDRD5, RGL1, HMCN1, RNASEL, TPR, LGR6, PIK3C2B, DSTYK, CDK18, IKBKE, DYRK3, MAPKAPK2, CAMK1G, NUAK2, ELK4, SLC45A3, CENPF, USH2A, MARK1, ADCK3, GUK1, OBSCN, CDC42BPA, NUP133, CAMK2B, PRSS1	C1orf95, PARP1, ITPKB, ITPKB-IT1	gr1
CGOV291	CGOV291Te	chr1	225,102,001	229,995,001	7	1.03	NTRK1, DDR2, PRSS1	BCL9, FLG, FLG2, TPM3, SHE, MUC1, CLK2, ASH1L, PRCC, NTRK1, INSRR, FCRL4, FCGR2B, DDR2, PBX1, PRRX1, SCYL3, TNN, PAPPA2, TNR, ASTN1, TDRD5, RGL1, HMCN1, RNASEL, TPR, LGR6, PIK3C2B, DSTYK, CDK18, IKBKE, DYRK3, MAPKAPK2, CAMK1G, NUAK2, ELK4, SLC45A3, CENPF, USH2A, MARK1, ADCK3, GUK1, OBSCN, CDC42BPA, NUP133, CAMK2B, PRSS1	PSEN2, ADCK3, ZNF678, LOC100130093, SNAP47, PRSS38, WNT3A, ARF1, MIR3620, GUK1, GJC2, IBA57, OBSCN, HIST3H2BB, MIR4666A, RNF187, RHOU, DUSP5P1, RAB4A, SPHAR, LOC101927478, URB2, GALNT2, COG2, CAPN9, LOC101927604, ARV1, TRIM67, GNPAT, SPRTN, TSNAX, TSNAX-DISC1, DISC1, CDC42BPA, ZNF847P, JMJD4, WNT9A, MIR5008, C1orf35, MRPL55, IBA57-AS1, C1orf145, TRIM11, MIR6742, TRIM17, HIST3H3, HIST3H2A, BTNL10, MIR7641-2, MIR4454, CCSAP, ACTA1, NUP133, ABCB10, TAF5L, PGBD5, AGT, C1orf198, TTC13, FAM89A, MIR1182, LOC149373, C1orf131, EXOC8, EGLN1, SNRPD2P2, LINC00582	gr1
CGOV291	CGOV291Te	chr1	230,006,001	232,978,001	7	1.05	NTRK1, DDR2, PRSS1	BCL9, FLG, FLG2, TPM3, SHE, MUC1, CLK2, ASH1L, PRCC, NTRK1, INSRR, FCRL4, FCGR2B, DDR2, PBX1, PRRX1, SCYL3, TNN, PAPPA2, TNR, ASTN1, TDRD5, RGL1, HMCN1, RNASEL, TPR, LGR6, PIK3C2B, DSTYK, CDK18, IKBKE, DYRK3, MAPKAPK2, CAMK1G, NUAK2, ELK4, SLC45A3, CENPF, USH2A, MARK1, ADCK3, GUK1, OBSCN, CDC42BPA, NUP133, CAMK2B, PRSS1	DISC1-IT1, MAP10, NTPCR, KIAA1804, KCNK1, MIR4427, SLC35F3, MIR4671, COA6, LINC00184, LOC101927787, LINC01132, DISC2, SIPA1L2, LOC101927683, PCNXL2, LOC101927765, TARBP1, LINC01354, IRF2BP2	gr1
CGOV291	CGOV291Te	chr1	233,022,001	233,030,001	9	1.33	NTRK1, DDR2, PRSS1	BCL9, FLG, FLG2, TPM3, SHE, MUC1, CLK2, ASH1L, PRCC, NTRK1, INSRR, FCRL4, FCGR2B, DDR2, PBX1, PRRX1, SCYL3, TNN, PAPPA2, TNR, ASTN1, TDRD5, RGL1, HMCN1, RNASEL, TPR, LGR6, PIK3C2B, DSTYK, CDK18, IKBKE, DYRK3, MAPKAPK2, CAMK1G, NUAK2, ELK4, SLC45A3, CENPF, USH2A, MARK1, ADCK3, GUK1, OBSCN, CDC42BPA, NUP133, CAMK2B, PRSS1	NA	gr1
CGOV291	CGOV291Te	chr1	241,734,001	242,275,001	7	0.99	NTRK1, DDR2, PRSS1	BCL9, FLG, FLG2, TPM3, SHE, MUC1, CLK2, ASH1L, PRCC, NTRK1, INSRR, FCRL4, FCGR2B, DDR2, PBX1, PRRX1, SCYL3, TNN, PAPPA2, TNR, ASTN1, TDRD5, RGL1, HMCN1, RNASEL, TPR, LGR6, PIK3C2B, DSTYK, CDK18, IKBKE, DYRK3, MAPKAPK2, CAMK1G, NUAK2, ELK4, SLC45A3, CENPF, USH2A, MARK1, ADCK3, GUK1, OBSCN, CDC42BPA, NUP133, CAMK2B, PRSS1	NA	gr1
CGOV291	CGOV291Te	chr1	247,068,001	247,186,001	8	1.18	NTRK1, DDR2, PRSS1	BCL9, FLG, FLG2, TPM3, SHE, MUC1, CLK2, ASH1L, PRCC, NTRK1, INSRR, FCRL4, FCGR2B, DDR2, PBX1, PRRX1, SCYL3, TNN, PAPPA2, TNR, ASTN1, TDRD5, RGL1, HMCN1, RNASEL, TPR, LGR6, PIK3C2B, DSTYK, CDK18, IKBKE, DYRK3, MAPKAPK2, CAMK1G, NUAK2, ELK4, SLC45A3, CENPF, USH2A, MARK1, ADCK3, GUK1, OBSCN, CDC42BPA, NUP133, CAMK2B, PRSS1	MIR3124, ZNF672, PGBD2, SH3BP5L, ZNF692	gr1
CGOV291	CGOV291Te	chr6	16,731,001	17,194,001	5	0.57	NTRK1, DDR2, PRSS1	BCL9, FLG, FLG2, TPM3, SHE, MUC1, CLK2, ASH1L, PRCC, NTRK1, INSRR, FCRL4, FCGR2B, DDR2, PBX1, PRRX1, SCYL3, TNN, PAPPA2, TNR, ASTN1, TDRD5, RGL1, HMCN1, RNASEL, TPR, LGR6, PIK3C2B, DSTYK, CDK18, IKBKE, DYRK3, MAPKAPK2, CAMK1G, NUAK2, ELK4, SLC45A3, CENPF, USH2A, MARK1, ADCK3, GUK1, OBSCN, CDC42BPA, NUP133, CAMK2B, PRSS1	NA	gr1
CGOV291	CGOV291Te	chr6	107,914,001	108,294,001	5	0.6	NTRK1, DDR2, PRSS1	BCL9, FLG, FLG2, TPM3, SHE, MUC1, CLK2, ASH1L, PRCC, NTRK1, INSRR, FCRL4, FCGR2B, DDR2, PBX1, PRRX1, SCYL3, TNN, PAPPA2, TNR, ASTN1, TDRD5, RGL1, HMCN1, RNASEL, TPR, LGR6, PIK3C2B, DSTYK, CDK18, IKBKE, DYRK3, MAPKAPK2, CAMK1G, NUAK2, ELK4, SLC45A3, CENPF, USH2A, MARK1, ADCK3, GUK1, OBSCN, CDC42BPA, NUP133, CAMK2B, PRSS1	SOBP, SCML4	gr1
CGOV291	CGOV291Te	chr7	44,064,001	44,440,001	5	0.6	NTRK1, DDR2, PRSS1	BCL9, FLG, FLG2, TPM3, SHE, MUC1, CLK2, ASH1L, PRCC, NTRK1, INSRR, FCRL4, FCGR2B, DDR2, PBX1, PRRX1, SCYL3, TNN, PAPPA2, TNR, ASTN1, TDRD5, RGL1, HMCN1, RNASEL, TPR, LGR6, PIK3C2B, DSTYK, CDK18, IKBKE, DYRK3, MAPKAPK2, CAMK1G, NUAK2, ELK4, SLC45A3, CENPF, USH2A, MARK1, ADCK3, GUK1, OBSCN, CDC42BPA, NUP133, CAMK2B, PRSS1	AEBP1, MIR4649, YKT6, PGAM2, POLM, MIR6838, POLD2, MYL7, GCK, CAMK2B	gr1
CGOV291	CGOV291Te	chr7	115,718,001	115,726,001	7	1.11	NA	NA	NA	gr2
CGOV291	CGOV291Te	chr7	141,721,001	142,073,001	6	0.92	NTRK1, DDR2, PRSS1	BCL9, FLG, FLG2, TPM3, SHE, MUC1, CLK2, ASH1L, PRCC, NTRK1, INSRR, FCRL4, FCGR2B, DDR2, PBX1, PRRX1, SCYL3, TNN, PAPPA2, TNR, ASTN1, TDRD5, RGL1, HMCN1, RNASEL, TPR, LGR6, PIK3C2B, DSTYK, CDK18, IKBKE, DYRK3, MAPKAPK2, CAMK1G, NUAK2, ELK4, SLC45A3, CENPF, USH2A, MARK1, ADCK3, GUK1, OBSCN, CDC42BPA, NUP133, CAMK2B, PRSS1	MTRNR2L6	gr1
CGOV291	CGOV291Te	chr7	142,075,001	142,205,001	8	1.21	NTRK1, DDR2, PRSS1	BCL9, FLG, FLG2, TPM3, SHE, MUC1, CLK2, ASH1L, PRCC, NTRK1, INSRR, FCRL4, FCGR2B, DDR2, PBX1, PRRX1, SCYL3, TNN, PAPPA2, TNR, ASTN1, TDRD5, RGL1, HMCN1, RNASEL, TPR, LGR6, PIK3C2B, DSTYK, CDK18, IKBKE, DYRK3, MAPKAPK2, CAMK1G, NUAK2, ELK4, SLC45A3, CENPF, USH2A, MARK1, ADCK3, GUK1, OBSCN, CDC42BPA, NUP133, CAMK2B, PRSS1	PRSS1, PRSS3P2, PRSS2	gr1
CGOV291	CGOV291Te	chr8	145,001	584,001	5	0.73	NTRK1, DDR2, PRSS1	BCL9, FLG, FLG2, TPM3, SHE, MUC1, CLK2, ASH1L, PRCC, NTRK1, INSRR, FCRL4, FCGR2B, DDR2, PBX1, PRRX1, SCYL3, TNN, PAPPA2, TNR, ASTN1, TDRD5, RGL1, HMCN1, RNASEL, TPR, LGR6, PIK3C2B, DSTYK, CDK18, IKBKE, DYRK3, MAPKAPK2, CAMK1G, NUAK2, ELK4, SLC45A3, CENPF, USH2A, MARK1, ADCK3, GUK1, OBSCN, CDC42BPA, NUP133, CAMK2B, PRSS1	ZNF596, FBXO25, RPL23AP53, FAM87A, TDRP	gr1
CGOV291	CGOV291Te	chr14	21,713,001	21,918,001	5	0.68	NTRK1, DDR2, PRSS1	BCL9, FLG, FLG2, TPM3, SHE, MUC1, CLK2, ASH1L, PRCC, NTRK1, INSRR, FCRL4, FCGR2B, DDR2, PBX1, PRRX1, SCYL3, TNN, PAPPA2, TNR, ASTN1, TDRD5, RGL1, HMCN1, RNASEL, TPR, LGR6, PIK3C2B, DSTYK, CDK18, IKBKE, DYRK3, MAPKAPK2, CAMK1G, NUAK2, ELK4, SLC45A3, CENPF, USH2A, MARK1, ADCK3, GUK1, OBSCN, CDC42BPA, NUP133, CAMK2B, PRSS1	NA	gr1
CGOV292	CGOV292Tb	chr9	86,692,001	86,765,001	4	0.49	NA	NA	NA	gr1
CGOV292	CGOV292Tb	chr9	133,364,001	133,535,001	6	0.78	NA	NA	POMT1, UCK1	gr1
CGOV293	CGOV293Tb	chr1	247,108,001	247,186,001	12	0.99	NA	NA	PGBD2, ZNF692	gr1
CGOV295	CGOV295Tb	chr1	42,145,001	42,190,001	5	1.12	NA	NA	NA	gr2
CGOV295	CGOV295Tb	chr15	69,556,001	69,581,001	6	1.21	NA	NA	NA	gr1
CGOV295	CGOV295Tb	chr15	69,582,001	69,619,001	159	5.85	NA	NA	NA	gr1
CGOV295	CGOV295Tb	chr17	35,138,001	35,240,001	7	1.58	NA	NA	GRB7, MIEN1, IKZF3	gr3
CGOV296	CGOV296Tb	chr14	106,345,001	106,359,001	6	1.01	NA	NA	NA	gr1
CGOV138	CGOV138T	chr1	21,631,001	21,636,001	10	0.82	NA	NA	NA	gr1
CGOV138	CGOV138T	chr15	99,511,001	99,516,001	9	0.71	NA	NA	NA	gr2
CGOV140	CGOV140T	chr1	26,709,001	29,006,001	6	0.39	ARID1A, ERBB3, HNF1A, XRCC1, ERCC2, ERCC1	RPS6KA1, ARID1A, MAP3K6, FGR, EML4, PRKCI, N4BP2, RHOH, CHRNA9, CDK13, PHKG1, ELN, LIMK1, HIP1, ZAN, MUC17, EPHB4, WEE1, CDK2, ERBB3, HNF1A, BCL7A, KNTC1, CAMKK2, ANAPC5, SBNO1, TAOK2, ITGAL, PHKG2, BCKDK, FUS, MAPK3, ZNF668, NLRP1, VAV1, MAP2K7, MLLT1, SH2D3A, INSR, SMARCA4, ZNF560, COL5A3, TYK2, KEAP1, XRCC1, BCL3, CBLC, MARK4, ERCC2, ERCC1, DMPK, PRKD2, LMTK3, NONO, TAF1, SEPT6, RNF113A	RPS6KA1, MIR1976, ARID1A, PIGV, ZDHHC18, SFN, NUDC, TRNP1, WDTC1, TMEM222, ACTG1P20, SYTL1, GPR3, FAM76A, STX12, PPP1R8, SCARNA1, THEMIS2, SMPDL3B, XKR8, ATPIF1, SESN2, MED18, PHACTR4, SNHG3, RCC1, SNORA73B, TRNAU1AP, RAB42, RNU11, GMEB1, YTHDF2, GPN2, GPATCH3, NR0B2, KDF1, FAM46B, SLC9A1, MAP3K6, FCN3, CD164L2, WASF2, AHDC1, FGR, IFI6, RPA2, EYA3, PTAFR, DNAJC8, SNHG12, SNORD99, SNORA61, SNORA44, SNORA16A, TAF12	gr1
CGOV140	CGOV140T	chr1	29,011,001	29,386,001	6	0.35	ARID1A, ERBB3, HNF1A, XRCC1, ERCC2, ERCC1	RPS6KA1, ARID1A, MAP3K6, FGR, EML4, PRKCI, N4BP2, RHOH, CHRNA9, CDK13, PHKG1, ELN, LIMK1, HIP1, ZAN, MUC17, EPHB4, WEE1, CDK2, ERBB3, HNF1A, BCL7A, KNTC1, CAMKK2, ANAPC5, SBNO1, TAOK2, ITGAL, PHKG2, BCKDK, FUS, MAPK3, ZNF668, NLRP1, VAV1, MAP2K7, MLLT1, SH2D3A, INSR, SMARCA4, ZNF560, COL5A3, TYK2, KEAP1, XRCC1, BCL3, CBLC, MARK4, ERCC2, ERCC1, DMPK, PRKD2, LMTK3, NONO, TAF1, SEPT6, RNF113A	OPRD1, EPB41, TMEM200B, SRSF4	gr1
CGOV140	CGOV140T	chr1	52,866,001	53,129,001	6	0.41	ARID1A, ERBB3, HNF1A, XRCC1, ERCC2, ERCC1	RPS6KA1, ARID1A, MAP3K6, FGR, EML4, PRKCI, N4BP2, RHOH, CHRNA9, CDK13, PHKG1, ELN, LIMK1, HIP1, ZAN, MUC17, EPHB4, WEE1, CDK2, ERBB3, HNF1A, BCL7A, KNTC1, CAMKK2, ANAPC5, SBNO1, TAOK2, ITGAL, PHKG2, BCKDK, FUS, MAPK3, ZNF668, NLRP1, VAV1, MAP2K7, MLLT1, SH2D3A, INSR, SMARCA4, ZNF560, COL5A3, TYK2, KEAP1, XRCC1, BCL3, CBLC, MARK4, ERCC2, ERCC1, DMPK, PRKD2, LMTK3, NONO, TAF1, SEPT6, RNF113A	FAM159A, ZYG11B, COA7	gr1
CGOV140	CGOV140T	chr1	100,089,001	100,097,001	7	0.5	NA	NA	NA	gr3
CGOV140	CGOV140T	chr1	240,123,001	240,272,001	7	0.46	ARID1A, ERBB3, HNF1A, XRCC1, ERCC2, ERCC1	RPS6KA1, ARID1A, MAP3K6, FGR, EML4, PRKCI, N4BP2, RHOH, CHRNA9, CDK13, PHKG1, ELN, LIMK1, HIP1, ZAN, MUC17, EPHB4, WEE1, CDK2, ERBB3, HNF1A, BCL7A, KNTC1, CAMKK2, ANAPC5, SBNO1, TAOK2, ITGAL, PHKG2, BCKDK, FUS, MAPK3, ZNF668, NLRP1, VAV1, MAP2K7, MLLT1, SH2D3A, INSR, SMARCA4, ZNF560, COL5A3, TYK2, KEAP1, XRCC1, BCL3, CBLC, MARK4, ERCC2, ERCC1, DMPK, PRKD2, LMTK3, NONO, TAF1, SEPT6, RNF113A	BECN2, MAP1LC3C	gr1
CGOV140	CGOV140T	chr2	15,665,001	15,675,001	6	0.38	NA	NA	NA	gr4
CGOV140	CGOV140T	chr2	42,131,001	42,523,001	4	0.16	ARID1A, ERBB3, HNF1A, XRCC1, ERCC2, ERCC1	RPS6KA1, ARID1A, MAP3K6, FGR, EML4, PRKCI, N4BP2, RHOH, CHRNA9, CDK13, PHKG1, ELN, LIMK1, HIP1, ZAN, MUC17, EPHB4, WEE1, CDK2, ERBB3, HNF1A, BCL7A, KNTC1, CAMKK2, ANAPC5, SBNO1, TAOK2, ITGAL, PHKG2, BCKDK, FUS, MAPK3, ZNF668, NLRP1, VAV1, MAP2K7, MLLT1, SH2D3A, INSR, SMARCA4, ZNF560, COL5A3, TYK2, KEAP1, XRCC1, BCL3, CBLC, MARK4, ERCC2, ERCC1, DMPK, PRKD2, LMTK3, NONO, TAF1, SEPT6, RNF113A	EML4, LOC102723824, COX7A2L	gr1
CGOV140	CGOV140T	chr2	55,022,001	55,028,001	10	0.69	NA	NA	NA	gr5
CGOV140	CGOV140T	chr2	108,627,001	108,697,001	6	0.4	NA	NA	LIMS1	gr6
CGOV140	CGOV140T	chr2	232,184,001	232,435,001	6	0.36	NA	NA	PTMA, MIR1244-1, MIR1244-2, MIR1244-3, MIR1244-4, COPS7B, PDE6D	gr2
CGOV140	CGOV140T	chr2	232,436,001	232,454,001	12	0.83	NA	NA	NA	gr2
CGOV140	CGOV140T	chr3	11,733,001	11,782,001	6	0.43	NA	NA	NA	gr7
CGOV140	CGOV140T	chr3	17,076,001	17,083,001	7	0.5	NA	NA	NA	gr8
CGOV140	CGOV140T	chr3	32,536,001	33,005,001	5	0.32	ARID1A, ERBB3, HNF1A, XRCC1, ERCC2, ERCC1	RPS6KA1, ARID1A, MAP3K6, FGR, EML4, PRKCI, N4BP2, RHOH, CHRNA9, CDK13, PHKG1, ELN, LIMK1, HIP1, ZAN, MUC17, EPHB4, WEE1, CDK2, ERBB3, HNF1A, BCL7A, KNTC1, CAMKK2, ANAPC5, SBNO1, TAOK2, ITGAL, PHKG2, BCKDK, FUS, MAPK3, ZNF668, NLRP1, VAV1, MAP2K7, MLLT1, SH2D3A, INSR, SMARCA4, ZNF560, COL5A3, TYK2, KEAP1, XRCC1, BCL3, CBLC, MARK4, ERCC2, ERCC1, DMPK, PRKD2, LMTK3, NONO, TAF1, SEPT6, RNF113A	CNOT10, TRIM71, CCR4, DYNC1LI1	gr1
CGOV140	CGOV140T	chr3	51,511,001	51,644,001	6	0.43	ARID1A, ERBB3, HNF1A, XRCC1, ERCC2, ERCC1	RPS6KA1, ARID1A, MAP3K6, FGR, EML4, PRKCI, N4BP2, RHOH, CHRNA9, CDK13, PHKG1, ELN, LIMK1, HIP1, ZAN, MUC17, EPHB4, WEE1, CDK2, ERBB3, HNF1A, BCL7A, KNTC1, CAMKK2, ANAPC5, SBNO1, TAOK2, ITGAL, PHKG2, BCKDK, FUS, MAPK3, ZNF668, NLRP1, VAV1, MAP2K7, MLLT1, SH2D3A, INSR, SMARCA4, ZNF560, COL5A3, TYK2, KEAP1, XRCC1, BCL3, CBLC, MARK4, ERCC2, ERCC1, DMPK, PRKD2, LMTK3, NONO, TAF1, SEPT6, RNF113A	NA	gr1
CGOV140	CGOV140T	chr3	129,022,001	129,031,001	6	0.37	NA	NA	NA	gr9
CGOV140	CGOV140T	chr3	156,911,001	157,091,001	6	0.35	ARID1A, ERBB3, HNF1A, XRCC1, ERCC2, ERCC1	RPS6KA1, ARID1A, MAP3K6, FGR, EML4, PRKCI, N4BP2, RHOH, CHRNA9, CDK13, PHKG1, ELN, LIMK1, HIP1, ZAN, MUC17, EPHB4, WEE1, CDK2, ERBB3, HNF1A, BCL7A, KNTC1, CAMKK2, ANAPC5, SBNO1, TAOK2, ITGAL, PHKG2, BCKDK, FUS, MAPK3, ZNF668, NLRP1, VAV1, MAP2K7, MLLT1, SH2D3A, INSR, SMARCA4, ZNF560, COL5A3, TYK2, KEAP1, XRCC1, BCL3, CBLC, MARK4, ERCC2, ERCC1, DMPK, PRKD2, LMTK3, NONO, TAF1, SEPT6, RNF113A	C3orf33, SLC33A1	gr1
CGOV140	CGOV140T	chr3	171,318,001	171,639,001	6	0.38	ARID1A, ERBB3, HNF1A, XRCC1, ERCC2, ERCC1	RPS6KA1, ARID1A, MAP3K6, FGR, EML4, PRKCI, N4BP2, RHOH, CHRNA9, CDK13, PHKG1, ELN, LIMK1, HIP1, ZAN, MUC17, EPHB4, WEE1, CDK2, ERBB3, HNF1A, BCL7A, KNTC1, CAMKK2, ANAPC5, SBNO1, TAOK2, ITGAL, PHKG2, BCKDK, FUS, MAPK3, ZNF668, NLRP1, VAV1, MAP2K7, MLLT1, SH2D3A, INSR, SMARCA4, ZNF560, COL5A3, TYK2, KEAP1, XRCC1, BCL3, CBLC, MARK4, ERCC2, ERCC1, DMPK, PRKD2, LMTK3, NONO, TAF1, SEPT6, RNF113A	PRKCI, SKIL, CLDN11, MIR6828	gr1
CGOV140	CGOV140T	chr3	178,345,001	178,582,001	6	0.39	NA	NA	LINC00501	gr10
CGOV140	CGOV140T	chr4	39,490,001	40,435,001	6	0.38	ARID1A, ERBB3, HNF1A, XRCC1, ERCC2, ERCC1	RPS6KA1, ARID1A, MAP3K6, FGR, EML4, PRKCI, N4BP2, RHOH, CHRNA9, CDK13, PHKG1, ELN, LIMK1, HIP1, ZAN, MUC17, EPHB4, WEE1, CDK2, ERBB3, HNF1A, BCL7A, KNTC1, CAMKK2, ANAPC5, SBNO1, TAOK2, ITGAL, PHKG2, BCKDK, FUS, MAPK3, ZNF668, NLRP1, VAV1, MAP2K7, MLLT1, SH2D3A, INSR, SMARCA4, ZNF560, COL5A3, TYK2, KEAP1, XRCC1, BCL3, CBLC, MARK4, ERCC2, ERCC1, DMPK, PRKD2, LMTK3, NONO, TAF1, SEPT6, RNF113A	N4BP2, RHOH, LOC101060498, CHRNA9, PDS5A, LOC344967, RBM47, MIR4802	gr1
CGOV140	CGOV140T	chr4	57,352,001	57,580,001	6	0.41	NA	NA	REST, SPINK2, NOA1	gr11
CGOV140	CGOV140T	chr4	83,433,001	83,452,001	6	0.42	NA	NA	NA	gr12
CGOV140	CGOV140T	chr4	152,166,001	152,268,001	7	0.49	NA	NA	RPS3A, SNORD73A	gr13
CGOV140	CGOV140T	chr5	56,394,001	56,588,001	7	0.44	NA	NA	NA	gr14
CGOV140	CGOV140T	chr5	130,596,001	130,625,001	6	0.43	NA	NA	NA	gr15
CGOV140	CGOV140T	chr5	157,665,001	157,671,001	7	0.44	NA	NA	NA	gr16
CGOV140	CGOV140T	chr5	159,454,001	159,717,001	6	0.36	ARID1A, ERBB3, HNF1A, XRCC1, ERCC2, ERCC1	RPS6KA1, ARID1A, MAP3K6, FGR, EML4, PRKCI, N4BP2, RHOH, CHRNA9, CDK13, PHKG1, ELN, LIMK1, HIP1, ZAN, MUC17, EPHB4, WEE1, CDK2, ERBB3, HNF1A, BCL7A, KNTC1, CAMKK2, ANAPC5, SBNO1, TAOK2, ITGAL, PHKG2, BCKDK, FUS, MAPK3, ZNF668, NLRP1, VAV1, MAP2K7, MLLT1, SH2D3A, INSR, SMARCA4, ZNF560, COL5A3, TYK2, KEAP1, XRCC1, BCL3, CBLC, MARK4, ERCC2, ERCC1, DMPK, PRKD2, LMTK3, NONO, TAF1, SEPT6, RNF113A	FABP6, CCNJL	gr1
CGOV140	CGOV140T	chr6	755,001	785,001	6	0.4	NA	NA	NA	gr17
CGOV140	CGOV140T	chr6	15,575,001	15,582,001	6	0.43	NA	NA	NA	gr18
CGOV140	CGOV140T	chr6	17,436,001	17,446,001	8	0.52	NA	NA	NA	gr19
CGOV140	CGOV140T	chr6	24,344,001	24,349,001	16	1.07	NA	NA	NA	gr20
CGOV140	CGOV140T	chr6	29,702,001	29,779,001	6	0.38	NA	NA	MOG, ZFP57	gr21
CGOV140	CGOV140T	chr6	64,178,001	64,292,001	6	0.37	NA	NA	NA	gr22
CGOV140	CGOV140T	chr6	111,118,001	111,520,001	6	0.39	ARID1A, ERBB3, HNF1A, XRCC1, ERCC2, ERCC1	RPS6KA1, ARID1A, MAP3K6, FGR, EML4, PRKCI, N4BP2, RHOH, CHRNA9, CDK13, PHKG1, ELN, LIMK1, HIP1, ZAN, MUC17, EPHB4, WEE1, CDK2, ERBB3, HNF1A, BCL7A, KNTC1, CAMKK2, ANAPC5, SBNO1, TAOK2, ITGAL, PHKG2, BCKDK, FUS, MAPK3, ZNF668, NLRP1, VAV1, MAP2K7, MLLT1, SH2D3A, INSR, SMARCA4, ZNF560, COL5A3, TYK2, KEAP1, XRCC1, BCL3, CBLC, MARK4, ERCC2, ERCC1, DMPK, PRKD2, LMTK3, NONO, TAF1, SEPT6, RNF113A	AMD1, GTF3C6, RPF2, GSTM2P1	gr1
CGOV140	CGOV140T	chr6	134,489,001	134,698,001	6	0.36	NA	SGK1	SGK1	gr23
CGOV140	CGOV140T	chr6	144,280,001	144,287,001	6	0.42	NA	NA	NA	gr24
CGOV140	CGOV140T	chr6	155,046,001	155,103,001	7	0.49	NA	NA	NA	gr25
CGOV140	CGOV140T	chr7	39,909,001	40,280,001	5	0.31	ARID1A, ERBB3, HNF1A, XRCC1, ERCC2, ERCC1	RPS6KA1, ARID1A, MAP3K6, FGR, EML4, PRKCI, N4BP2, RHOH, CHRNA9, CDK13, PHKG1, ELN, LIMK1, HIP1, ZAN, MUC17, EPHB4, WEE1, CDK2, ERBB3, HNF1A, BCL7A, KNTC1, CAMKK2, ANAPC5, SBNO1, TAOK2, ITGAL, PHKG2, BCKDK, FUS, MAPK3, ZNF668, NLRP1, VAV1, MAP2K7, MLLT1, SH2D3A, INSR, SMARCA4, ZNF560, COL5A3, TYK2, KEAP1, XRCC1, BCL3, CBLC, MARK4, ERCC2, ERCC1, DMPK, PRKD2, LMTK3, NONO, TAF1, SEPT6, RNF113A	CDK13, MPLKIP	gr1
CGOV140	CGOV140T	chr7	55,765,001	56,166,001	6	0.41	ARID1A, ERBB3, HNF1A, XRCC1, ERCC2, ERCC1	RPS6KA1, ARID1A, MAP3K6, FGR, EML4, PRKCI, N4BP2, RHOH, CHRNA9, CDK13, PHKG1, ELN, LIMK1, HIP1, ZAN, MUC17, EPHB4, WEE1, CDK2, ERBB3, HNF1A, BCL7A, KNTC1, CAMKK2, ANAPC5, SBNO1, TAOK2, ITGAL, PHKG2, BCKDK, FUS, MAPK3, ZNF668, NLRP1, VAV1, MAP2K7, MLLT1, SH2D3A, INSR, SMARCA4, ZNF560, COL5A3, TYK2, KEAP1, XRCC1, BCL3, CBLC, MARK4, ERCC2, ERCC1, DMPK, PRKD2, LMTK3, NONO, TAF1, SEPT6, RNF113A	ZNF713, MRPS17, GBAS, CCT6A, SNORA15, SUMF2, SEPT14, PSPH, PHKG1, CHCHD2, NUPR1L	gr1
CGOV140	CGOV140T	chr7	71,219,001	77,209,001	6	0.39	ARID1A, ERBB3, HNF1A, XRCC1, ERCC2, ERCC1	RPS6KA1, ARID1A, MAP3K6, FGR, EML4, PRKCI, N4BP2, RHOH, CHRNA9, CDK13, PHKG1, ELN, LIMK1, HIP1, ZAN, MUC17, EPHB4, WEE1, CDK2, ERBB3, HNF1A, BCL7A, KNTC1, CAMKK2, ANAPC5, SBNO1, TAOK2, ITGAL, PHKG2, BCKDK, FUS, MAPK3, ZNF668, NLRP1, VAV1, MAP2K7, MLLT1, SH2D3A, INSR, SMARCA4, ZNF560, COL5A3, TYK2, KEAP1, XRCC1, BCL3, CBLC, MARK4, ERCC2, ERCC1, DMPK, PRKD2, LMTK3, NONO, TAF1, SEPT6, RNF113A	MIR4650-1, MIR4650-2, SBDSP1, POM121, LOC541473, LOC100101148, PMS2P7, PMS2P5, PMS2P2, GTF2IP4, GTF2IP1, NCF1B, FKBP6, FZD9, VPS37D, WBSCR22, MIR4284, ABHD11-AS1, CLDN4, WBSCR28, ELN, LIMK1, EIF4H, MIR590, LAT2, CLIP2, GTF2IRD1, GTF2I, NCF1, GTF2IRD2B, GTF2IRD2, SPDYE8P, STAG3L1, TRIM73, NSUN5P1, SPDYE5, RHBDD2, POR, MIR4651, SNORA14A, MDH2, SRRM3, HSPB1, ZP3, DTX2, UPK3B, LOC100133091, DTX2P1-UPK3BP1-PMS2P11, PMS2P9, CCDC146, LOC101927243, PTPN12, TYW1B, SPDYE7P, NSUN5P2, TRIM74, STAG3L3, NSUN5, TRIM50, BAZ1B, BCL7B, TBL2, MLXIPL, DNAJC30, STX1A, ABHD11, CLDN3, WBSCR27, RFC2, LOC101926943, STAG3L2, WBSCR16, NCF1C, GATSL2, POM121C, PMS2P3, HIP1, CCL26, CCL24, TMEM120A, STYXL1, YWHAG, SSC4D, FDPSP2, POMZP3, FGL2, GSAP, APTR	gr1
CGOV140	CGOV140T	chr7	98,432,001	98,640,001	5	0.29	ARID1A, ERBB3, HNF1A, XRCC1, ERCC2, ERCC1	RPS6KA1, ARID1A, MAP3K6, FGR, EML4, PRKCI, N4BP2, RHOH, CHRNA9, CDK13, PHKG1, ELN, LIMK1, HIP1, ZAN, MUC17, EPHB4, WEE1, CDK2, ERBB3, HNF1A, BCL7A, KNTC1, CAMKK2, ANAPC5, SBNO1, TAOK2, ITGAL, PHKG2, BCKDK, FUS, MAPK3, ZNF668, NLRP1, VAV1, MAP2K7, MLLT1, SH2D3A, INSR, SMARCA4, ZNF560, COL5A3, TYK2, KEAP1, XRCC1, BCL3, CBLC, MARK4, ERCC2, ERCC1, DMPK, PRKD2, LMTK3, NONO, TAF1, SEPT6, RNF113A	LOC101927550, SMURF1	gr1
CGOV140	CGOV140T	chr7	99,417,001	101,860,001	6	0.39	ARID1A, ERBB3, HNF1A, XRCC1, ERCC2, ERCC1	RPS6KA1, ARID1A, MAP3K6, FGR, EML4, PRKCI, N4BP2, RHOH, CHRNA9, CDK13, PHKG1, ELN, LIMK1, HIP1, ZAN, MUC17, EPHB4, WEE1, CDK2, ERBB3, HNF1A, BCL7A, KNTC1, CAMKK2, ANAPC5, SBNO1, TAOK2, ITGAL, PHKG2, BCKDK, FUS, MAPK3, ZNF668, NLRP1, VAV1, MAP2K7, MLLT1, SH2D3A, INSR, SMARCA4, ZNF560, COL5A3, TYK2, KEAP1, XRCC1, BCL3, CBLC, MARK4, ERCC2, ERCC1, DMPK, PRKD2, LMTK3, NONO, TAF1, SEPT6, RNF113A	ZKSCAN1, ZSCAN21, COPS6, AP4M1, CNPY4, MBLAC1, LAMTOR4, STAG3, PVRIG, SPDYE3, STAG3L5P-PVRIG2P-PILRB, STAG3L5P, PVRIG2P, MIR6840, PILRB, PILRA, MEPCE, NYAP1, AGFG2, FBXO24, PCOLCE, MOSPD3, GNB2, POP7, EPO, ZAN, SLC12A9, TRIP6, MIR6875, SRRT, MUC3A, MUC12, MUC17, TRIM56, SERPINE1, AP1S1, MIR4653, ZNHIT1, LOC101927746, COL26A1, CUX1, SH2B2, MIR4285, LOC100289561, LOC100630923, PRKRIP1, ZNF3, MCM7, MIR25, MIR93, MIR106B, TAF6, C7orf43, MIR4658, GAL3ST4, GPC2, GATS, PMS2P1, ZCWPW1, PPP1R35, C7orf61, TSC22D4, SAP25, LRCH4, ZASP, PCOLCE-AS1, TFR2, ACTL6B, GIGYF1, EPHB4, UFSP1, ACHE, LOC102724094, VGF, NAT16, MOGAT3, PLOD3, CLDN15, FIS1, IFT22, LINC01007, MYL10, SPDYE6, MIR548O	gr1
CGOV140	CGOV140T	chr7	131,405,001	131,410,001	7	0.49	NA	NA	NA	gr26
CGOV140	CGOV140T	chr8	6,520,001	6,527,001	7	0.47	NA	NA	NA	gr27
CGOV140	CGOV140T	chr8	24,999,001	25,008,001	8	0.56	NA	NA	NA	gr28
CGOV140	CGOV140T	chr8	33,347,001	33,664,001	6	0.37	NA	NA	MAK16, FUT10, TTI2, RNF122, DUSP26	gr29
CGOV140	CGOV140T	chr8	81,226,001	81,560,001	6	0.36	NA	NA	MIR5708	gr30
CGOV140	CGOV140T	chr8	124,496,001	124,547,001	6	0.41	NA	NA	WDYHV1	gr31
CGOV140	CGOV140T	chr9	15,108,001	15,119,001	6	0.43	NA	NA	NA	gr32
CGOV140	CGOV140T	chr9	19,035,001	19,471,001	5	0.33	ARID1A, ERBB3, HNF1A, XRCC1, ERCC2, ERCC1	RPS6KA1, ARID1A, MAP3K6, FGR, EML4, PRKCI, N4BP2, RHOH, CHRNA9, CDK13, PHKG1, ELN, LIMK1, HIP1, ZAN, MUC17, EPHB4, WEE1, CDK2, ERBB3, HNF1A, BCL7A, KNTC1, CAMKK2, ANAPC5, SBNO1, TAOK2, ITGAL, PHKG2, BCKDK, FUS, MAPK3, ZNF668, NLRP1, VAV1, MAP2K7, MLLT1, SH2D3A, INSR, SMARCA4, ZNF560, COL5A3, TYK2, KEAP1, XRCC1, BCL3, CBLC, MARK4, ERCC2, ERCC1, DMPK, PRKD2, LMTK3, NONO, TAF1, SEPT6, RNF113A	RRAGA, DENND4C, ACER2, HAUS6, SCARNA8, PLIN2, RPS6	gr1
CGOV140	CGOV140T	chr9	36,388,001	36,655,001	7	0.45	ARID1A, ERBB3, HNF1A, XRCC1, ERCC2, ERCC1	RPS6KA1, ARID1A, MAP3K6, FGR, EML4, PRKCI, N4BP2, RHOH, CHRNA9, CDK13, PHKG1, ELN, LIMK1, HIP1, ZAN, MUC17, EPHB4, WEE1, CDK2, ERBB3, HNF1A, BCL7A, KNTC1, CAMKK2, ANAPC5, SBNO1, TAOK2, ITGAL, PHKG2, BCKDK, FUS, MAPK3, ZNF668, NLRP1, VAV1, MAP2K7, MLLT1, SH2D3A, INSR, SMARCA4, ZNF560, COL5A3, TYK2, KEAP1, XRCC1, BCL3, CBLC, MARK4, ERCC2, ERCC1, DMPK, PRKD2, LMTK3, NONO, TAF1, SEPT6, RNF113A	NA	gr1
CGOV140	CGOV140T	chr9	85,597,001	85,769,001	6	0.37	NA	NA	KIF27, C9orf64	gr33
CGOV140	CGOV140T	chr9	109,157,001	109,325,001	6	0.36	NA	NA	LINC01509, KLF4	gr34
CGOV140	CGOV140T	chr9	130,738,001	131,035,001	5	0.32	ARID1A, ERBB3, HNF1A, XRCC1, ERCC2, ERCC1	RPS6KA1, ARID1A, MAP3K6, FGR, EML4, PRKCI, N4BP2, RHOH, CHRNA9, CDK13, PHKG1, ELN, LIMK1, HIP1, ZAN, MUC17, EPHB4, WEE1, CDK2, ERBB3, HNF1A, BCL7A, KNTC1, CAMKK2, ANAPC5, SBNO1, TAOK2, ITGAL, PHKG2, BCKDK, FUS, MAPK3, ZNF668, NLRP1, VAV1, MAP2K7, MLLT1, SH2D3A, INSR, SMARCA4, ZNF560, COL5A3, TYK2, KEAP1, XRCC1, BCL3, CBLC, MARK4, ERCC2, ERCC1, DMPK, PRKD2, LMTK3, NONO, TAF1, SEPT6, RNF113A	NUP188, FAM73B, DOLPP1, PPP2R4, DOLK, SH3GLB2, CRAT, IER5L	gr1
CGOV140	CGOV140T	chr10	3,344,001	3,349,001	6	0.43	NA	NA	NA	gr35
CGOV140	CGOV140T	chr10	28,734,001	28,742,001	9	0.62	NA	NA	NA	gr36
CGOV140	CGOV140T	chr10	98,451,001	98,641,001	6	0.38	ARID1A, ERBB3, HNF1A, XRCC1, ERCC2, ERCC1	RPS6KA1, ARID1A, MAP3K6, FGR, EML4, PRKCI, N4BP2, RHOH, CHRNA9, CDK13, PHKG1, ELN, LIMK1, HIP1, ZAN, MUC17, EPHB4, WEE1, CDK2, ERBB3, HNF1A, BCL7A, KNTC1, CAMKK2, ANAPC5, SBNO1, TAOK2, ITGAL, PHKG2, BCKDK, FUS, MAPK3, ZNF668, NLRP1, VAV1, MAP2K7, MLLT1, SH2D3A, INSR, SMARCA4, ZNF560, COL5A3, TYK2, KEAP1, XRCC1, BCL3, CBLC, MARK4, ERCC2, ERCC1, DMPK, PRKD2, LMTK3, NONO, TAF1, SEPT6, RNF113A	MIR607	gr1
CGOV140	CGOV140T	chr10	120,730,001	120,960,001	6	0.36	ARID1A, ERBB3, HNF1A, XRCC1, ERCC2, ERCC1	RPS6KA1, ARID1A, MAP3K6, FGR, EML4, PRKCI, N4BP2, RHOH, CHRNA9, CDK13, PHKG1, ELN, LIMK1, HIP1, ZAN, MUC17, EPHB4, WEE1, CDK2, ERBB3, HNF1A, BCL7A, KNTC1, CAMKK2, ANAPC5, SBNO1, TAOK2, ITGAL, PHKG2, BCKDK, FUS, MAPK3, ZNF668, NLRP1, VAV1, MAP2K7, MLLT1, SH2D3A, INSR, SMARCA4, ZNF560, COL5A3, TYK2, KEAP1, XRCC1, BCL3, CBLC, MARK4, ERCC2, ERCC1, DMPK, PRKD2, LMTK3, NONO, TAF1, SEPT6, RNF113A	NANOS1, FAM45A, FAM45B, EIF3A, SNORA19, SFXN4, PRDX3	gr1
CGOV140	CGOV140T	chr10	126,440,001	126,600,001	6	0.4	ARID1A, ERBB3, HNF1A, XRCC1, ERCC2, ERCC1	RPS6KA1, ARID1A, MAP3K6, FGR, EML4, PRKCI, N4BP2, RHOH, CHRNA9, CDK13, PHKG1, ELN, LIMK1, HIP1, ZAN, MUC17, EPHB4, WEE1, CDK2, ERBB3, HNF1A, BCL7A, KNTC1, CAMKK2, ANAPC5, SBNO1, TAOK2, ITGAL, PHKG2, BCKDK, FUS, MAPK3, ZNF668, NLRP1, VAV1, MAP2K7, MLLT1, SH2D3A, INSR, SMARCA4, ZNF560, COL5A3, TYK2, KEAP1, XRCC1, BCL3, CBLC, MARK4, ERCC2, ERCC1, DMPK, PRKD2, LMTK3, NONO, TAF1, SEPT6, RNF113A	FAM175B	gr1
CGOV140	CGOV140T	chr11	3,698,001	3,787,001	7	0.51	ARID1A, ERBB3, HNF1A, XRCC1, ERCC2, ERCC1	RPS6KA1, ARID1A, MAP3K6, FGR, EML4, PRKCI, N4BP2, RHOH, CHRNA9, CDK13, PHKG1, ELN, LIMK1, HIP1, ZAN, MUC17, EPHB4, WEE1, CDK2, ERBB3, HNF1A, BCL7A, KNTC1, CAMKK2, ANAPC5, SBNO1, TAOK2, ITGAL, PHKG2, BCKDK, FUS, MAPK3, ZNF668, NLRP1, VAV1, MAP2K7, MLLT1, SH2D3A, INSR, SMARCA4, ZNF560, COL5A3, TYK2, KEAP1, XRCC1, BCL3, CBLC, MARK4, ERCC2, ERCC1, DMPK, PRKD2, LMTK3, NONO, TAF1, SEPT6, RNF113A	NA	gr1
CGOV140	CGOV140T	chr11	9,204,001	9,657,001	6	0.43	ARID1A, ERBB3, HNF1A, XRCC1, ERCC2, ERCC1	RPS6KA1, ARID1A, MAP3K6, FGR, EML4, PRKCI, N4BP2, RHOH, CHRNA9, CDK13, PHKG1, ELN, LIMK1, HIP1, ZAN, MUC17, EPHB4, WEE1, CDK2, ERBB3, HNF1A, BCL7A, KNTC1, CAMKK2, ANAPC5, SBNO1, TAOK2, ITGAL, PHKG2, BCKDK, FUS, MAPK3, ZNF668, NLRP1, VAV1, MAP2K7, MLLT1, SH2D3A, INSR, SMARCA4, ZNF560, COL5A3, TYK2, KEAP1, XRCC1, BCL3, CBLC, MARK4, ERCC2, ERCC1, DMPK, PRKD2, LMTK3, NONO, TAF1, SEPT6, RNF113A	IPO7, SNORA23, ZNF143, WEE1, TMEM41B, LOC644656	gr1
CGOV140	CGOV140T	chr11	17,177,001	17,344,001	6	0.36	NA	NA	NUCB2	gr37
CGOV140	CGOV140T	chr11	66,185,001	66,602,001	5	0.31	ARID1A, ERBB3, HNF1A, XRCC1, ERCC2, ERCC1	RPS6KA1, ARID1A, MAP3K6, FGR, EML4, PRKCI, N4BP2, RHOH, CHRNA9, CDK13, PHKG1, ELN, LIMK1, HIP1, ZAN, MUC17, EPHB4, WEE1, CDK2, ERBB3, HNF1A, BCL7A, KNTC1, CAMKK2, ANAPC5, SBNO1, TAOK2, ITGAL, PHKG2, BCKDK, FUS, MAPK3, ZNF668, NLRP1, VAV1, MAP2K7, MLLT1, SH2D3A, INSR, SMARCA4, ZNF560, COL5A3, TYK2, KEAP1, XRCC1, BCL3, CBLC, MARK4, ERCC2, ERCC1, DMPK, PRKD2, LMTK3, NONO, TAF1, SEPT6, RNF113A	C11orf80, RCE1, LRFN4, C11orf86, SYT12, MIR6860, RHOD, RBM4B, SPTBN2, PC	gr1
CGOV140	CGOV140T	chr11	107,153,001	107,332,001	7	0.45	NA	NA	SLC35F2	gr38
CGOV140	CGOV140T	chr11	120,555,001	120,560,001	6	0.42	NA	NA	NA	gr39
CGOV140	CGOV140T	chr12	40,951,001	40,993,001	6	0.43	NA	NA	NA	gr40
CGOV140	CGOV140T	chr12	49,078,001	49,269,001	6	0.36	ARID1A, ERBB3, HNF1A, XRCC1, ERCC2, ERCC1	RPS6KA1, ARID1A, MAP3K6, FGR, EML4, PRKCI, N4BP2, RHOH, CHRNA9, CDK13, PHKG1, ELN, LIMK1, HIP1, ZAN, MUC17, EPHB4, WEE1, CDK2, ERBB3, HNF1A, BCL7A, KNTC1, CAMKK2, ANAPC5, SBNO1, TAOK2, ITGAL, PHKG2, BCKDK, FUS, MAPK3, ZNF668, NLRP1, VAV1, MAP2K7, MLLT1, SH2D3A, INSR, SMARCA4, ZNF560, COL5A3, TYK2, KEAP1, XRCC1, BCL3, CBLC, MARK4, ERCC2, ERCC1, DMPK, PRKD2, LMTK3, NONO, TAF1, SEPT6, RNF113A	LARP4	gr1
CGOV140	CGOV140T	chr12	54,400,001	54,727,001	6	0.36	ARID1A, ERBB3, HNF1A, XRCC1, ERCC2, ERCC1	RPS6KA1, ARID1A, MAP3K6, FGR, EML4, PRKCI, N4BP2, RHOH, CHRNA9, CDK13, PHKG1, ELN, LIMK1, HIP1, ZAN, MUC17, EPHB4, WEE1, CDK2, ERBB3, HNF1A, BCL7A, KNTC1, CAMKK2, ANAPC5, SBNO1, TAOK2, ITGAL, PHKG2, BCKDK, FUS, MAPK3, ZNF668, NLRP1, VAV1, MAP2K7, MLLT1, SH2D3A, INSR, SMARCA4, ZNF560, COL5A3, TYK2, KEAP1, XRCC1, BCL3, CBLC, MARK4, ERCC2, ERCC1, DMPK, PRKD2, LMTK3, NONO, TAF1, SEPT6, RNF113A	RDH5, GDF11, ORMDL2, TMEM198B, DGKA, CDK2, RAB5B, SUOX, IKZF4, RPS26, CD63, SARNP, DNAJC14, MMP19, WIBG, PMEL	gr1
CGOV140	CGOV140T	chr12	54,760,001	55,212,001	5	0.34	ARID1A, ERBB3, HNF1A, XRCC1, ERCC2, ERCC1	RPS6KA1, ARID1A, MAP3K6, FGR, EML4, PRKCI, N4BP2, RHOH, CHRNA9, CDK13, PHKG1, ELN, LIMK1, HIP1, ZAN, MUC17, EPHB4, WEE1, CDK2, ERBB3, HNF1A, BCL7A, KNTC1, CAMKK2, ANAPC5, SBNO1, TAOK2, ITGAL, PHKG2, BCKDK, FUS, MAPK3, ZNF668, NLRP1, VAV1, MAP2K7, MLLT1, SH2D3A, INSR, SMARCA4, ZNF560, COL5A3, TYK2, KEAP1, XRCC1, BCL3, CBLC, MARK4, ERCC2, ERCC1, DMPK, PRKD2, LMTK3, NONO, TAF1, SEPT6, RNF113A	ERBB3, PA2G4, RPL41, ZC3H10, ESYT1, MYL6B, MYL6, NABP2, SLC39A5, COQ10A, IL23A, SPRYD4, SMARCC2, RNF41, ANKRD52, CS, CNPY2, PAN2, STAT2, APOF, TIMELESS, MIP, GLS2	gr1
CGOV140	CGOV140T	chr12	55,219,001	55,347,001	6	0.37	ARID1A, ERBB3, HNF1A, XRCC1, ERCC2, ERCC1	RPS6KA1, ARID1A, MAP3K6, FGR, EML4, PRKCI, N4BP2, RHOH, CHRNA9, CDK13, PHKG1, ELN, LIMK1, HIP1, ZAN, MUC17, EPHB4, WEE1, CDK2, ERBB3, HNF1A, BCL7A, KNTC1, CAMKK2, ANAPC5, SBNO1, TAOK2, ITGAL, PHKG2, BCKDK, FUS, MAPK3, ZNF668, NLRP1, VAV1, MAP2K7, MLLT1, SH2D3A, INSR, SMARCA4, ZNF560, COL5A3, TYK2, KEAP1, XRCC1, BCL3, CBLC, MARK4, ERCC2, ERCC1, DMPK, PRKD2, LMTK3, NONO, TAF1, SEPT6, RNF113A	BAZ2A, ATP5B, SNORD59B, SNORD59A	gr1
CGOV140	CGOV140T	chr12	119,221,001	122,501,001	6	0.38	ARID1A, ERBB3, HNF1A, XRCC1, ERCC2, ERCC1	RPS6KA1, ARID1A, MAP3K6, FGR, EML4, PRKCI, N4BP2, RHOH, CHRNA9, CDK13, PHKG1, ELN, LIMK1, HIP1, ZAN, MUC17, EPHB4, WEE1, CDK2, ERBB3, HNF1A, BCL7A, KNTC1, CAMKK2, ANAPC5, SBNO1, TAOK2, ITGAL, PHKG2, BCKDK, FUS, MAPK3, ZNF668, NLRP1, VAV1, MAP2K7, MLLT1, SH2D3A, INSR, SMARCA4, ZNF560, COL5A3, TYK2, KEAP1, XRCC1, BCL3, CBLC, MARK4, ERCC2, ERCC1, DMPK, PRKD2, LMTK3, NONO, TAF1, SEPT6, RNF113A	SIRT4, COX6A1, GATC, DYNLL1, RNF10, CABP1, MLEC, UNC119B, MIR4700, ACADS, XLOC_009911, HNF1A, P2RX7, P2RX4, RNF34, MIR548AQ, ORAI1, TMEM120B, SETD1B, PSMD9, WDR66, BCL7A, MLXIP, LRRC43, B3GNT4, LOC101593348, CLIP1-AS1, KNTC1, DENR, CCDC62, HIP1R, OGFOD2, ARL6IP4, LOC100507091, C12orf65, SETD8, PLA2G1B, MSI1, TRIAP1, SRSF9, NRAV, COQ5, POP5, SPPL3, HNF1A-AS1, C12orf43, OASL, CAMKK2, ANAPC5, KDM2B, MIR7107, MORN3, RHOF, LINC01089, HPD, IL31, DIABLO, VPS33A, CLIP1, ZCCHC8, RSRC2, HCAR2, HCAR3, HCAR1, VPS37B, ABCB9, PITPNM2, MIR4304, MPHOSPH9, CDK2AP1, SBNO1, MIR8072, RILPL2	gr1
CGOV140	CGOV140T	chr12	122,505,001	122,869,001	6	0.37	ARID1A, ERBB3, HNF1A, XRCC1, ERCC2, ERCC1	RPS6KA1, ARID1A, MAP3K6, FGR, EML4, PRKCI, N4BP2, RHOH, CHRNA9, CDK13, PHKG1, ELN, LIMK1, HIP1, ZAN, MUC17, EPHB4, WEE1, CDK2, ERBB3, HNF1A, BCL7A, KNTC1, CAMKK2, ANAPC5, SBNO1, TAOK2, ITGAL, PHKG2, BCKDK, FUS, MAPK3, ZNF668, NLRP1, VAV1, MAP2K7, MLLT1, SH2D3A, INSR, SMARCA4, ZNF560, COL5A3, TYK2, KEAP1, XRCC1, BCL3, CBLC, MARK4, ERCC2, ERCC1, DMPK, PRKD2, LMTK3, NONO, TAF1, SEPT6, RNF113A	SNRNP35, MIR3908, TMED2, DDX55, GTF2H3, TCTN2, ATP6V0A2, RILPL1, LOC101927415, EIF2B1	gr1
CGOV140	CGOV140T	chr12	128,877,001	128,882,001	15	0.99	NA	NA	NA	gr41
CGOV140	CGOV140T	chr14	20,724,001	20,735,001	7	0.45	NA	NA	NA	gr42
CGOV140	CGOV140T	chr14	63,055,001	63,395,001	6	0.43	NA	NA	WDR89, SGPP1	gr43
CGOV140	CGOV140T	chr14	92,649,001	92,752,001	7	0.45	NA	NA	TMEM251, MOAP1, C14orf142	gr44
CGOV140	CGOV140T	chr14	101,787,001	102,209,001	6	0.38	ARID1A, ERBB3, HNF1A, XRCC1, ERCC2, ERCC1	RPS6KA1, ARID1A, MAP3K6, FGR, EML4, PRKCI, N4BP2, RHOH, CHRNA9, CDK13, PHKG1, ELN, LIMK1, HIP1, ZAN, MUC17, EPHB4, WEE1, CDK2, ERBB3, HNF1A, BCL7A, KNTC1, CAMKK2, ANAPC5, SBNO1, TAOK2, ITGAL, PHKG2, BCKDK, FUS, MAPK3, ZNF668, NLRP1, VAV1, MAP2K7, MLLT1, SH2D3A, INSR, SMARCA4, ZNF560, COL5A3, TYK2, KEAP1, XRCC1, BCL3, CBLC, MARK4, ERCC2, ERCC1, DMPK, PRKD2, LMTK3, NONO, TAF1, SEPT6, RNF113A	ZNF839, TECPR2, MIR4309, CINP, ANKRD9	gr1
CGOV140	CGOV140T	chr15	26,769,001	26,828,001	10	0.71	NA	NA	WHAMMP2	gr45
CGOV140	CGOV140T	chr15	32,383,001	32,432,001	6	0.36	NA	NA	NOP10	gr46
CGOV140	CGOV140T	chr15	62,257,001	62,843,001	6	0.37	ARID1A, ERBB3, HNF1A, XRCC1, ERCC2, ERCC1	RPS6KA1, ARID1A, MAP3K6, FGR, EML4, PRKCI, N4BP2, RHOH, CHRNA9, CDK13, PHKG1, ELN, LIMK1, HIP1, ZAN, MUC17, EPHB4, WEE1, CDK2, ERBB3, HNF1A, BCL7A, KNTC1, CAMKK2, ANAPC5, SBNO1, TAOK2, ITGAL, PHKG2, BCKDK, FUS, MAPK3, ZNF668, NLRP1, VAV1, MAP2K7, MLLT1, SH2D3A, INSR, SMARCA4, ZNF560, COL5A3, TYK2, KEAP1, XRCC1, BCL3, CBLC, MARK4, ERCC2, ERCC1, DMPK, PRKD2, LMTK3, NONO, TAF1, SEPT6, RNF113A	TRIP4, ZNF609, KIAA0101, OAZ2, MIR1272	gr1
CGOV140	CGOV140T	chr15	84,355,001	84,360,001	6	0.39	NA	NA	NA	gr47
CGOV140	CGOV140T	chr15	97,645,001	97,652,001	6	0.39	NA	NA	NA	gr48
CGOV140	CGOV140T	chr16	10,622,001	10,630,001	9	0.6	NA	NA	NA	gr49
CGOV140	CGOV140T	chr16	29,238,001	29,667,001	7	0.49	ARID1A, ERBB3, HNF1A, XRCC1, ERCC2, ERCC1	RPS6KA1, ARID1A, MAP3K6, FGR, EML4, PRKCI, N4BP2, RHOH, CHRNA9, CDK13, PHKG1, ELN, LIMK1, HIP1, ZAN, MUC17, EPHB4, WEE1, CDK2, ERBB3, HNF1A, BCL7A, KNTC1, CAMKK2, ANAPC5, SBNO1, TAOK2, ITGAL, PHKG2, BCKDK, FUS, MAPK3, ZNF668, NLRP1, VAV1, MAP2K7, MLLT1, SH2D3A, INSR, SMARCA4, ZNF560, COL5A3, TYK2, KEAP1, XRCC1, BCL3, CBLC, MARK4, ERCC2, ERCC1, DMPK, PRKD2, LMTK3, NONO, TAF1, SEPT6, RNF113A	LOC606724, SLX1A, SLX1B, SLX1A-SULT1A3, SLX1B-SULT1A4, SULT1A4, SULT1A3, SPN, QPRT, NPIPB11, BOLA2, BOLA2B, LOC388242, LOC613038, SMG1P2, MIR3680-1, MIR3680-2, SLC7A5P1, C16orf54	gr1
CGOV140	CGOV140T	chr16	29,677,001	31,379,001	6	0.4	ARID1A, ERBB3, HNF1A, XRCC1, ERCC2, ERCC1	RPS6KA1, ARID1A, MAP3K6, FGR, EML4, PRKCI, N4BP2, RHOH, CHRNA9, CDK13, PHKG1, ELN, LIMK1, HIP1, ZAN, MUC17, EPHB4, WEE1, CDK2, ERBB3, HNF1A, BCL7A, KNTC1, CAMKK2, ANAPC5, SBNO1, TAOK2, ITGAL, PHKG2, BCKDK, FUS, MAPK3, ZNF668, NLRP1, VAV1, MAP2K7, MLLT1, SH2D3A, INSR, SMARCA4, ZNF560, COL5A3, TYK2, KEAP1, XRCC1, BCL3, CBLC, MARK4, ERCC2, ERCC1, DMPK, PRKD2, LMTK3, NONO, TAF1, SEPT6, RNF113A	ZG16, KIF22, MAZ, PRRT2, PAGR1, MVP, CDIPT-AS1, ASPHD1, TMEM219, TAOK2, INO80E, C16orf92, ALDOA, PPP4C, CORO1A, LOC606724, SLX1A, SLX1B, SLX1A-SULT1A3, SLX1B-SULT1A4, SULT1A4, SULT1A3, MYLPF, ZNF48, ZNF771, ITGAL, MIR4518, PRR14, FBRS, SRCAP, SNORA30, TMEM265, PHKG2, RNF40, MIR762HG, MIR762, CTF1, FBXL19, ORAI3, SETD1A, HSD3B7, STX4, ZNF646, BCKDK, KAT8, FUS, PYCARD-AS1, TRIM72, ITGAM, ITGAX, ITGAD, CDIPT, SEZ6L2, KCTD13, HIRIP3, DOC2A, FAM57B, TBX6, YPEL3, GDPD3, MAPK3, BOLA2, BOLA2B, LOC388242, LOC613038, LOC613037, SMG1P2, SMG1P5, CD2BP2, TBC1D10B, SEPT1, DCTPP1, SEPHS2, ZNF768, ZNF747, ZNF764, ZNF688, ZNF785, ZNF689, LOC730183, C16orf93, ZNF629, BCL7C, MIR4519, FBXL19-AS1, STX1B, ZNF668, PRSS53, VKORC1, PRSS8, PRSS36, PYCARD, PYDC1, COX6A2, ZNF843	gr1
CGOV140	CGOV140T	chr17	5,130,001	5,563,001	4	0.18	ARID1A, ERBB3, HNF1A, XRCC1, ERCC2, ERCC1	RPS6KA1, ARID1A, MAP3K6, FGR, EML4, PRKCI, N4BP2, RHOH, CHRNA9, CDK13, PHKG1, ELN, LIMK1, HIP1, ZAN, MUC17, EPHB4, WEE1, CDK2, ERBB3, HNF1A, BCL7A, KNTC1, CAMKK2, ANAPC5, SBNO1, TAOK2, ITGAL, PHKG2, BCKDK, FUS, MAPK3, ZNF668, NLRP1, VAV1, MAP2K7, MLLT1, SH2D3A, INSR, SMARCA4, ZNF560, COL5A3, TYK2, KEAP1, XRCC1, BCL3, CBLC, MARK4, ERCC2, ERCC1, DMPK, PRKD2, LMTK3, NONO, TAF1, SEPT6, RNF113A	RPAIN, MIS12, NUP88, C1QBP, DHX33, DERL2, LOC728392, NLRP1	gr1
CGOV140	CGOV140T	chr17	20,753,001	20,760,001	7	0.51	NA	NA	NA	gr50
CGOV140	CGOV140T	chr17	57,892,001	57,946,001	9	0.62	NA	NA	NA	gr51
CGOV140	CGOV140T	chr18	19,520,001	19,527,001	8	0.58	NA	NA	NA	gr52
CGOV140	CGOV140T	chr18	27,746,001	28,007,001	6	0.37	ARID1A, ERBB3, HNF1A, XRCC1, ERCC2, ERCC1	RPS6KA1, ARID1A, MAP3K6, FGR, EML4, PRKCI, N4BP2, RHOH, CHRNA9, CDK13, PHKG1, ELN, LIMK1, HIP1, ZAN, MUC17, EPHB4, WEE1, CDK2, ERBB3, HNF1A, BCL7A, KNTC1, CAMKK2, ANAPC5, SBNO1, TAOK2, ITGAL, PHKG2, BCKDK, FUS, MAPK3, ZNF668, NLRP1, VAV1, MAP2K7, MLLT1, SH2D3A, INSR, SMARCA4, ZNF560, COL5A3, TYK2, KEAP1, XRCC1, BCL3, CBLC, MARK4, ERCC2, ERCC1, DMPK, PRKD2, LMTK3, NONO, TAF1, SEPT6, RNF113A	RNF125, RNF138	gr1
CGOV140	CGOV140T	chr18	50,120,001	50,125,001	8	0.54	NA	NA	NA	gr53
CGOV140	CGOV140T	chr18	60,205,001	60,210,001	7	0.46	NA	NA	NA	gr54
CGOV140	CGOV140T	chr19	5,171,001	8,836,001	6	0.39	ARID1A, ERBB3, HNF1A, XRCC1, ERCC2, ERCC1	RPS6KA1, ARID1A, MAP3K6, FGR, EML4, PRKCI, N4BP2, RHOH, CHRNA9, CDK13, PHKG1, ELN, LIMK1, HIP1, ZAN, MUC17, EPHB4, WEE1, CDK2, ERBB3, HNF1A, BCL7A, KNTC1, CAMKK2, ANAPC5, SBNO1, TAOK2, ITGAL, PHKG2, BCKDK, FUS, MAPK3, ZNF668, NLRP1, VAV1, MAP2K7, MLLT1, SH2D3A, INSR, SMARCA4, ZNF560, COL5A3, TYK2, KEAP1, XRCC1, BCL3, CBLC, MARK4, ERCC2, ERCC1, DMPK, PRKD2, LMTK3, NONO, TAF1, SEPT6, RNF113A	ZNRF4, SAFB, HSD11B1L, RPL36, CATSPERD, NRTN, LOC101928844, VMAC, CAPS, LOC100128568, ACSBG2, CLPP, ALKBH7, CRB3, TNFSF9, TRIP10, VAV1, ADGRE1, MBD3L5, MBD3L2, ZNF557, ARHGEF18, C19orf45, ZNF358, MCOLN1, PNPLA6, CAMSAP3, MIR6792, PET100, STXBP2, RETN, MCEMP1, TRAPPC5, CLEC4M, CLEC4GP1, EVI5L, LRRC8E, MAP2K7, TGFBR3L, SNAPC2, CCL25, CERS4, RPS28, ANGPTL4, RAB11B, MARCH2, HNRNPM, OR2Z1, MBD3L1, TINCR, SAFB2, C19orf70, LONP1, PRR22, DUS3L, FUT6, FUT3, FUT5, NDUFA11, RANBP3, RFX2, MLLT1, ACER1, PSPN, GTF2F1, MIR6885, MIR6790, KHSRP, MIR3940, SLC25A41, SLC25A23, DENND1C, TUBB4A, CD70, TNFSF14, C3, GPR108, MIR6791, SH2D3A, ADGRE4P, FLJ25758, MBD3L4, MBD3L3, INSR, LOC100128573, PEX11G, XAB2, PCP2, FCER2, CLEC4G, CD209, PRR36, LYPLA2P2, CTXN1, TIMM44, ELAVL1, FBN3, CD320, NDUFA7, KANK3, RAB11B-AS1, MIR4999, PRAM1, ZNF414, MYO1F, ADAMTS10, ACTL9, ZNF558	gr1
CGOV140	CGOV140T	chr19	8,953,001	12,583,001	6	0.39	ARID1A, ERBB3, HNF1A, XRCC1, ERCC2, ERCC1	RPS6KA1, ARID1A, MAP3K6, FGR, EML4, PRKCI, N4BP2, RHOH, CHRNA9, CDK13, PHKG1, ELN, LIMK1, HIP1, ZAN, MUC17, EPHB4, WEE1, CDK2, ERBB3, HNF1A, BCL7A, KNTC1, CAMKK2, ANAPC5, SBNO1, TAOK2, ITGAL, PHKG2, BCKDK, FUS, MAPK3, ZNF668, NLRP1, VAV1, MAP2K7, MLLT1, SH2D3A, INSR, SMARCA4, ZNF560, COL5A3, TYK2, KEAP1, XRCC1, BCL3, CBLC, MARK4, ERCC2, ERCC1, DMPK, PRKD2, LMTK3, NONO, TAF1, SEPT6, RNF113A	OR1M1, ZNF317, OR7D2, OR7E24, ZNF559, ZNF559-ZNF177, ZNF177, ZNF561-AS1, UBL5, PIN1, RDH8, MIR5589, C3P1, C19orf66, PPAN, PPAN-P2RY11, SNORD105, SNORD105B, P2RY11, MIR4322, MRPL4, ICAM1, ICAM4, ICAM5, PDE4A, ATG4D, MIR1238, SLC44A2, ILF3, QTRT1, DNM2, MIR638, MIR4748, MIR6793, C19orf38, CARM1, C19orf52, SMARCA4, LDLR, MIR6886, C19orf80, TSPAN16, CCDC159, LPPR2, SWSAP1, PRKCSH, CNN1, ZNF627, ZNF833P, ZNF441, ZNF491, ZNF440, ZNF439, ZNF69, ZNF700, ZNF763, ZNF844, ZNF788, ZNF136, LOC100289333, OR7G2, OR7G1, OR7G3, OR7D4, ZNF699, ZNF266, ZNF560, ZNF426, ZNF121, ZNF561, ZNF562, ZNF812, ZNF846, FBXL12, OLFM2, COL5A3, ANGPTL6, EIF3G, DNMT1, S1PR2, ZGLP1, FDX1L, RAVER1, ICAM3, TYK2, CDC37, MIR1181, KEAP1, S1PR5, KRI1, CDKN2D, AP1M2, ILF3-AS1, MIR199A1, TMED1, YIPF2, SPC24, KANK2, DOCK6, RAB3D, TMEM205, EPOR, RGL3, CCDC151, ELAVL3, ZNF653, MIR7974, ECSIT, ELOF1, ACP5, ZNF823, ZNF433, ZNF878, ZNF20, ZNF625-ZNF20, ZNF625, ZNF44, ZNF563, ZNF442, ZNF799, ZNF443, ZNF709, ZNF564, ZNF490	gr1
CGOV140	CGOV140T	chr19	48,547,001	49,032,001	6	0.35	ARID1A, ERBB3, HNF1A, XRCC1, ERCC2, ERCC1	RPS6KA1, ARID1A, MAP3K6, FGR, EML4, PRKCI, N4BP2, RHOH, CHRNA9, CDK13, PHKG1, ELN, LIMK1, HIP1, ZAN, MUC17, EPHB4, WEE1, CDK2, ERBB3, HNF1A, BCL7A, KNTC1, CAMKK2, ANAPC5, SBNO1, TAOK2, ITGAL, PHKG2, BCKDK, FUS, MAPK3, ZNF668, NLRP1, VAV1, MAP2K7, MLLT1, SH2D3A, INSR, SMARCA4, ZNF560, COL5A3, TYK2, KEAP1, XRCC1, BCL3, CBLC, MARK4, ERCC2, ERCC1, DMPK, PRKD2, LMTK3, NONO, TAF1, SEPT6, RNF113A	CD177, TEX101, ZNF575, PINLYP, ZNF576, SRRM5, IRGC, LYPD3, PHLDB3, ETHE1, XRCC1, IRGQ, ZNF428, CADM4, PLAUR, SMG9, KCNN4, LYPD5	gr1
CGOV140	CGOV140T	chr19	49,705,001	51,212,001	6	0.41	ARID1A, ERBB3, HNF1A, XRCC1, ERCC2, ERCC1	RPS6KA1, ARID1A, MAP3K6, FGR, EML4, PRKCI, N4BP2, RHOH, CHRNA9, CDK13, PHKG1, ELN, LIMK1, HIP1, ZAN, MUC17, EPHB4, WEE1, CDK2, ERBB3, HNF1A, BCL7A, KNTC1, CAMKK2, ANAPC5, SBNO1, TAOK2, ITGAL, PHKG2, BCKDK, FUS, MAPK3, ZNF668, NLRP1, VAV1, MAP2K7, MLLT1, SH2D3A, INSR, SMARCA4, ZNF560, COL5A3, TYK2, KEAP1, XRCC1, BCL3, CBLC, MARK4, ERCC2, ERCC1, DMPK, PRKD2, LMTK3, NONO, TAF1, SEPT6, RNF113A	IGSF23, PVR, CEACAM19, CEACAM16, BCL3, MIR8085, CBLC, BCAM, PVRL2, TOMM40, APOE, APOC1, APOC1P1, APOC4, APOC4-APOC2, APOC2, CLPTM1, RELB, CLASRP, GEMIN7, PPP1R37, BLOC1S3, MARK4, KLC3, CD3EAP, MIR6088, FOSB, PPM1N, VASP, EML2-AS1, GIPR, MIR642A, QPCTL, BHMG1, FOXA3, CEACAM22P, MIR4531, ZNF296, NKPD1, TRAPPC6A, EXOC3L2, CKM, ERCC2, PPP1R13L, ERCC1, RTN2, OPA3, GPR4, EML2, MIR330, MIR642B, SNRPD2, FBXO46, SIX5, DMPK, DMWD, RSPH6A, SYMPK, IRF2BP1, MYPOP, NANOS2, NOVA2	gr1
CGOV140	CGOV140T	chr19	51,434,001	54,577,001	6	0.41	ARID1A, ERBB3, HNF1A, XRCC1, ERCC2, ERCC1	RPS6KA1, ARID1A, MAP3K6, FGR, EML4, PRKCI, N4BP2, RHOH, CHRNA9, CDK13, PHKG1, ELN, LIMK1, HIP1, ZAN, MUC17, EPHB4, WEE1, CDK2, ERBB3, HNF1A, BCL7A, KNTC1, CAMKK2, ANAPC5, SBNO1, TAOK2, ITGAL, PHKG2, BCKDK, FUS, MAPK3, ZNF668, NLRP1, VAV1, MAP2K7, MLLT1, SH2D3A, INSR, SMARCA4, ZNF560, COL5A3, TYK2, KEAP1, XRCC1, BCL3, CBLC, MARK4, ERCC2, ERCC1, DMPK, PRKD2, LMTK3, NONO, TAF1, SEPT6, RNF113A	HIF3A, PPP5C, CALM3, DACT3-AS1, FKRP, ARHGAP35, NPAS1, SAE1, MIR3190, CCDC9, INAFM1, C5AR1, C5AR2, DHX34, NAPA-AS1, GLTSCR1, EHD2, GLTSCR2, SNORD23, SEPW1, CRX, SNAR-A12, SNAR-A13, SNAR-C2, SNAR-C5, SNAR-C1, SNAR-A1, SNAR-A2, SNAR-A3, SNAR-A4, SNAR-A5, SNAR-A7, SNAR-A11, SNAR-A9, SNAR-A6, SNAR-A8, SNAR-A10, SNAR-A14, SNAR-C4, SNAR-C3, ELSPBP1, PLA2G4C-AS1, C19orf68, CARD8-AS1, ZNF114, EMP3, SYNGR4, GRIN2D, GRWD1, KCNJ14, CYTH2, SULT2B1, SPACA4, SPHK2, SEC1P, FUT2, FGF21, PPP1R15A, NUCB1, DHDH, BAX, FTL, RUVBL2, MIR6798, CGB2, SNAR-G1, CGB5, SNRNP70, LIN7B, PPFIA3, TRPM4, CD37, DKKL1, CCDC8, PNMAL1, PPP5D1, PNMAL2, PTGIR, GNG8, DACT3, PRKD2, MIR320E, STRN4, SLC1A5, SNAR-E, AP2S1, TMEM160, ZC3H4, BBC3, MIR3191, MEIS3, SLC8A2, KPTN, NAPA, ZNF541, TPRX1, SULT2A1, BSPH1, CABP5, PLA2G4C, LIG1, CARD8, CCDC114, TMEM143, KDELR1, LMTK3, FAM83E, RPL18, DBP, CA11, NTN5, LOC105447645, MAMSTR, RASIP1, IZUMO1, FUT1, BCAT2, HSD17B14, PLEKHA4, TULP2, NUCB1-AS1, GYS1, LHB, LOC101059948, CGB, SNAR-G2, CGB1, CGB8, CGB7, NTF4, KCNA7, C19orf73, HRC, SLC6A16, MIR4324, TEAD2	gr1
CGOV140	CGOV140T	chr20	4,886,001	5,082,001	7	0.47	NA	NA	PCNA-AS1, TMEM230, PCNA	gr55
CGOV140	CGOV140T	chr20	20,754,001	20,760,001	7	0.51	NA	NA	NA	gr56
CGOV140	CGOV140T	chr22	30,110,001	30,749,001	6	0.39	ARID1A, ERBB3, HNF1A, XRCC1, ERCC2, ERCC1	RPS6KA1, ARID1A, MAP3K6, FGR, EML4, PRKCI, N4BP2, RHOH, CHRNA9, CDK13, PHKG1, ELN, LIMK1, HIP1, ZAN, MUC17, EPHB4, WEE1, CDK2, ERBB3, HNF1A, BCL7A, KNTC1, CAMKK2, ANAPC5, SBNO1, TAOK2, ITGAL, PHKG2, BCKDK, FUS, MAPK3, ZNF668, NLRP1, VAV1, MAP2K7, MLLT1, SH2D3A, INSR, SMARCA4, ZNF560, COL5A3, TYK2, KEAP1, XRCC1, BCL3, CBLC, MARK4, ERCC2, ERCC1, DMPK, PRKD2, LMTK3, NONO, TAF1, SEPT6, RNF113A	DRG1, SFI1, DEPDC5, YWHAH, EIF4ENIF1, PISD, MIR7109, PRR14L, C22orf24	gr1
CGOV140	CGOV140T	chrX	44,231,001	44,641,001	6	0.42	ARID1A, ERBB3, HNF1A, XRCC1, ERCC2, ERCC1	RPS6KA1, ARID1A, MAP3K6, FGR, EML4, PRKCI, N4BP2, RHOH, CHRNA9, CDK13, PHKG1, ELN, LIMK1, HIP1, ZAN, MUC17, EPHB4, WEE1, CDK2, ERBB3, HNF1A, BCL7A, KNTC1, CAMKK2, ANAPC5, SBNO1, TAOK2, ITGAL, PHKG2, BCKDK, FUS, MAPK3, ZNF668, NLRP1, VAV1, MAP2K7, MLLT1, SH2D3A, INSR, SMARCA4, ZNF560, COL5A3, TYK2, KEAP1, XRCC1, BCL3, CBLC, MARK4, ERCC2, ERCC1, DMPK, PRKD2, LMTK3, NONO, TAF1, SEPT6, RNF113A	DUSP21, FUNDC1	gr1
CGOV140	CGOV140T	chrX	53,453,001	53,556,001	6	0.39	NA	NA	RIBC1, HSD17B10	gr57
CGOV140	CGOV140T	chrX	70,392,001	70,660,001	6	0.41	ARID1A, ERBB3, HNF1A, XRCC1, ERCC2, ERCC1	RPS6KA1, ARID1A, MAP3K6, FGR, EML4, PRKCI, N4BP2, RHOH, CHRNA9, CDK13, PHKG1, ELN, LIMK1, HIP1, ZAN, MUC17, EPHB4, WEE1, CDK2, ERBB3, HNF1A, BCL7A, KNTC1, CAMKK2, ANAPC5, SBNO1, TAOK2, ITGAL, PHKG2, BCKDK, FUS, MAPK3, ZNF668, NLRP1, VAV1, MAP2K7, MLLT1, SH2D3A, INSR, SMARCA4, ZNF560, COL5A3, TYK2, KEAP1, XRCC1, BCL3, CBLC, MARK4, ERCC2, ERCC1, DMPK, PRKD2, LMTK3, NONO, TAF1, SEPT6, RNF113A	NONO, ITGB1BP2, TAF1, INGX	gr1
CGOV140	CGOV140T	chrX	73,300,001	73,305,001	9	0.64	NA	NA	NA	gr58
CGOV140	CGOV140T	chrX	76,857,001	77,047,001	6	0.38	ARID1A, ERBB3, HNF1A, XRCC1, ERCC2, ERCC1	RPS6KA1, ARID1A, MAP3K6, FGR, EML4, PRKCI, N4BP2, RHOH, CHRNA9, CDK13, PHKG1, ELN, LIMK1, HIP1, ZAN, MUC17, EPHB4, WEE1, CDK2, ERBB3, HNF1A, BCL7A, KNTC1, CAMKK2, ANAPC5, SBNO1, TAOK2, ITGAL, PHKG2, BCKDK, FUS, MAPK3, ZNF668, NLRP1, VAV1, MAP2K7, MLLT1, SH2D3A, INSR, SMARCA4, ZNF560, COL5A3, TYK2, KEAP1, XRCC1, BCL3, CBLC, MARK4, ERCC2, ERCC1, DMPK, PRKD2, LMTK3, NONO, TAF1, SEPT6, RNF113A	MAGT1	gr1
CGOV140	CGOV140T	chrX	99,985,001	100,323,001	5	0.26	ARID1A, ERBB3, HNF1A, XRCC1, ERCC2, ERCC1	RPS6KA1, ARID1A, MAP3K6, FGR, EML4, PRKCI, N4BP2, RHOH, CHRNA9, CDK13, PHKG1, ELN, LIMK1, HIP1, ZAN, MUC17, EPHB4, WEE1, CDK2, ERBB3, HNF1A, BCL7A, KNTC1, CAMKK2, ANAPC5, SBNO1, TAOK2, ITGAL, PHKG2, BCKDK, FUS, MAPK3, ZNF668, NLRP1, VAV1, MAP2K7, MLLT1, SH2D3A, INSR, SMARCA4, ZNF560, COL5A3, TYK2, KEAP1, XRCC1, BCL3, CBLC, MARK4, ERCC2, ERCC1, DMPK, PRKD2, LMTK3, NONO, TAF1, SEPT6, RNF113A	ARL13A, TMEM35, CENPI, XKRX, TRMT2B	gr1
CGOV140	CGOV140T	chrX	107,037,001	107,046,001	7	0.49	NA	NA	NA	gr59
CGOV140	CGOV140T	chrX	118,402,001	118,978,001	6	0.38	ARID1A, ERBB3, HNF1A, XRCC1, ERCC2, ERCC1	RPS6KA1, ARID1A, MAP3K6, FGR, EML4, PRKCI, N4BP2, RHOH, CHRNA9, CDK13, PHKG1, ELN, LIMK1, HIP1, ZAN, MUC17, EPHB4, WEE1, CDK2, ERBB3, HNF1A, BCL7A, KNTC1, CAMKK2, ANAPC5, SBNO1, TAOK2, ITGAL, PHKG2, BCKDK, FUS, MAPK3, ZNF668, NLRP1, VAV1, MAP2K7, MLLT1, SH2D3A, INSR, SMARCA4, ZNF560, COL5A3, TYK2, KEAP1, XRCC1, BCL3, CBLC, MARK4, ERCC2, ERCC1, DMPK, PRKD2, LMTK3, NONO, TAF1, SEPT6, RNF113A	SLC25A43, SLC25A5, UBE2A, SOWAHD, NDUFA1, AKAP14, SLC25A5-AS1, CXorf56, NKRF, SEPT6, MIR766, RPL39, SNORA69, UPF3B, RNF113A, NKAP	gr1
CGOV140	CGOV140T	chrX	122,662,001	122,947,001	7	0.44	ARID1A, ERBB3, HNF1A, XRCC1, ERCC2, ERCC1	RPS6KA1, ARID1A, MAP3K6, FGR, EML4, PRKCI, N4BP2, RHOH, CHRNA9, CDK13, PHKG1, ELN, LIMK1, HIP1, ZAN, MUC17, EPHB4, WEE1, CDK2, ERBB3, HNF1A, BCL7A, KNTC1, CAMKK2, ANAPC5, SBNO1, TAOK2, ITGAL, PHKG2, BCKDK, FUS, MAPK3, ZNF668, NLRP1, VAV1, MAP2K7, MLLT1, SH2D3A, INSR, SMARCA4, ZNF560, COL5A3, TYK2, KEAP1, XRCC1, BCL3, CBLC, MARK4, ERCC2, ERCC1, DMPK, PRKD2, LMTK3, NONO, TAF1, SEPT6, RNF113A	XIAP, LOC101928402	gr1
CGOV140	CGOV140T	chrX	133,421,001	133,916,001	4	0.16	ARID1A, ERBB3, HNF1A, XRCC1, ERCC2, ERCC1	RPS6KA1, ARID1A, MAP3K6, FGR, EML4, PRKCI, N4BP2, RHOH, CHRNA9, CDK13, PHKG1, ELN, LIMK1, HIP1, ZAN, MUC17, EPHB4, WEE1, CDK2, ERBB3, HNF1A, BCL7A, KNTC1, CAMKK2, ANAPC5, SBNO1, TAOK2, ITGAL, PHKG2, BCKDK, FUS, MAPK3, ZNF668, NLRP1, VAV1, MAP2K7, MLLT1, SH2D3A, INSR, SMARCA4, ZNF560, COL5A3, TYK2, KEAP1, XRCC1, BCL3, CBLC, MARK4, ERCC2, ERCC1, DMPK, PRKD2, LMTK3, NONO, TAF1, SEPT6, RNF113A	HPRT1, LINC00629, FAM122C, MIR450B, MIR450A1, MIR450A2, MIR542, MIR503HG, MIR503, MIR424, PLAC1, FAM122B, MOSPD1	gr1
CGOV142	CGOV142T	chr10	11,059,001	11,064,001	5	0.36	NA	NA	NA	gr1
CGOV142	CGOV142T	chr14	84,043,001	84,049,001	5	0.38	NA	NA	NA	gr2
CGOV170	CGOV170T	chr9	32,827,001	32,882,001	9	2.1	NA	NA	NA	gr3
CGOV170	CGOV170T	chr11	69,043,001	69,347,001	9	2.12	CCND1	CCND1	CCND1, ORAOV1, FGF19, FGF4, FGF3	gr1
CGOV170	CGOV170T	chr11	69,348,001	69,499,001	6	1.68	CCND1	CCND1	NA	gr1
CGOV170	CGOV170T	chr11	69,500,001	69,663,001	8	2	CCND1	CCND1	LOC101928443, ANO1-AS2	gr1
CGOV170	CGOV170T	chr11	69,786,001	69,884,001	9	2.07	CCND1	CCND1	MIR548K	gr1
CGOV170	CGOV170T	chr11	69,885,001	70,294,001	6	1.59	CCND1	CCND1	CTTN, SHANK2-AS1, SHANK2	gr1
CGOV170	CGOV170T	chr11	76,351,001	77,297,001	7	1.75	NA	PAK1	B3GNT6, CAPN5, OMP, MYO7A, LOC646029, AQP11, AAMDC, GDPD4, PAK1, CLNS1A, RSF1	gr2
CGOV170	CGOV170T	chr11	89,629,001	90,155,001	9	2.06	NA	PAK1	MIR4490	gr2
CGOV172	CGOV172T	chr1	231,812,001	231,883,001	4	1.1	MYC, RECQL4	KALRN, TRIB1, MYC, TG, COL22A1, PTK2, MAPK15, ADCK5, NRBP2, RECQL4	KCNK1, MIR4427	gr1
CGOV172	CGOV172T	chr1	233,195,001	233,493,001	4	1.12	MYC, RECQL4	KALRN, TRIB1, MYC, TG, COL22A1, PTK2, MAPK15, ADCK5, NRBP2, RECQL4	TOMM20, SNORA14B, RBM34, MIR4753	gr1
CGOV172	CGOV172T	chr1	233,494,001	233,557,001	6	1.44	MYC, RECQL4	KALRN, TRIB1, MYC, TG, COL22A1, PTK2, MAPK15, ADCK5, NRBP2, RECQL4	NA	gr1
CGOV172	CGOV172T	chr2	9,077,001	9,172,001	5	1.33	MYC, RECQL4	KALRN, TRIB1, MYC, TG, COL22A1, PTK2, MAPK15, ADCK5, NRBP2, RECQL4	NA	gr1
CGOV172	CGOV172T	chr2	9,286,001	9,662,001	5	1.31	MYC, RECQL4	KALRN, TRIB1, MYC, TG, COL22A1, PTK2, MAPK15, ADCK5, NRBP2, RECQL4	CPSF3, IAH1, ITGB1BP1, ADAM17	gr1
CGOV172	CGOV172T	chr2	28,422,001	28,709,001	5	1.31	MYC, RECQL4	KALRN, TRIB1, MYC, TG, COL22A1, PTK2, MAPK15, ADCK5, NRBP2, RECQL4	FOSL2, FLJ31356	gr1
CGOV172	CGOV172T	chr2	66,609,001	66,678,001	3	0.68	NA	NA	NA	gr2
CGOV172	CGOV172T	chr2	66,679,001	66,685,001	5	1.15	NA	NA	NA	gr2
CGOV172	CGOV172T	chr2	111,211,001	111,653,001	3	0.62	MYC, RECQL4	KALRN, TRIB1, MYC, TG, COL22A1, PTK2, MAPK15, ADCK5, NRBP2, RECQL4	BCL2L11, LOC400997	gr1
CGOV172	CGOV172T	chr3	118,581,001	118,902,001	3	0.61	MYC, RECQL4	KALRN, TRIB1, MYC, TG, COL22A1, PTK2, MAPK15, ADCK5, NRBP2, RECQL4	NA	gr1
CGOV172	CGOV172T	chr3	125,677,001	126,065,001	4	0.98	MYC, RECQL4	KALRN, TRIB1, MYC, TG, COL22A1, PTK2, MAPK15, ADCK5, NRBP2, RECQL4	KALRN, UMPS, MIR544B	gr1
CGOV172	CGOV172T	chr4	37,879,001	38,050,001	3	0.63	MYC, RECQL4	KALRN, TRIB1, MYC, TG, COL22A1, PTK2, MAPK15, ADCK5, NRBP2, RECQL4	NA	gr1
CGOV172	CGOV172T	chr6	22,673,001	23,010,001	3	0.67	MYC, RECQL4	KALRN, TRIB1, MYC, TG, COL22A1, PTK2, MAPK15, ADCK5, NRBP2, RECQL4	HDGFL1	gr1
CGOV172	CGOV172T	chr7	127,734,001	127,936,001	3	0.69	MYC, RECQL4	KALRN, TRIB1, MYC, TG, COL22A1, PTK2, MAPK15, ADCK5, NRBP2, RECQL4	HILPDA, METTL2B, RBM28, PRRT4, IMPDH1	gr1
CGOV172	CGOV172T	chr8	42,313,001	42,725,001	3	0.71	MYC, RECQL4	KALRN, TRIB1, MYC, TG, COL22A1, PTK2, MAPK15, ADCK5, NRBP2, RECQL4	POLB, VDAC3, SMIM19, CHRNB3, DKK4, SLC20A2	gr1
CGOV172	CGOV172T	chr8	124,204,001	129,826,001	5	1.3	MYC, RECQL4	KALRN, TRIB1, MYC, TG, COL22A1, PTK2, MAPK15, ADCK5, NRBP2, RECQL4	FAM83A, WDYHV1, FAM91A1, FER1L6, TRMT12, RNF139, NDUFB9, MIR4662A, LINC00964, ZNF572, SQLE, NSMCE2, TRIB1, LOC101927657, PCAT1, PRNCR1, CASC21, CCAT2, POU5F1B, MYC, MIR1204, PVT1, MIR1205, MIR1206, MIR1207, MIR1208, FAM83A-AS1, MIR4663, C8orf76, ZHX1-C8orf76, ZHX1, ATAD2, FBXO32, KLHL38, ANXA13, FER1L6-AS1, FER1L6-AS2, LOC101927588, TMEM65, RNF139-AS1, TATDN1, MIR6844, MTSS1, MIR4662B, KIAA0196, LINC00861, FAM84B, PCAT2, CASC19, CCAT1, CASC8, CASC11, TMEM75, LINC00824	gr1
CGOV172	CGOV172T	chr8	129,835,001	131,788,001	5	1.3	MYC, RECQL4	KALRN, TRIB1, MYC, TG, COL22A1, PTK2, MAPK15, ADCK5, NRBP2, RECQL4	LINC00977, CCDC26, MIR3686, GSDMC, FAM49B, MIR5194, ASAP1, ASAP1-IT2, ASAP1-IT1	gr1
CGOV172	CGOV172T	chr8	131,789,001	131,864,001	8	1.87	MYC, RECQL4	KALRN, TRIB1, MYC, TG, COL22A1, PTK2, MAPK15, ADCK5, NRBP2, RECQL4	NA	gr1
CGOV172	CGOV172T	chr8	131,865,001	131,946,001	6	1.49	MYC, RECQL4	KALRN, TRIB1, MYC, TG, COL22A1, PTK2, MAPK15, ADCK5, NRBP2, RECQL4	NA	gr1
CGOV172	CGOV172T	chr8	131,947,001	144,773,001	5	1.24	MYC, RECQL4	KALRN, TRIB1, MYC, TG, COL22A1, PTK2, MAPK15, ADCK5, NRBP2, RECQL4	EFR3A, PHF20L1, TG, WISP1, LOC101927822, ZFAT-AS1, NCRNA00250, LOC101927845, LINC01591, KHDRBS3, CHRAC1, DENND3, LINC01300, PTP4A3, MIR4472-1, LINC00051, ADGRB1, PSCA, LY6K, THEM6, GML, CDC42P3, LY6E, C8orf31, GPIHBP1, ZFP41, GLI4, ZNF696, RHPN1, MAFA-AS1, GSDMD, TIGD5, OC90, HHLA1, KCNQ3, HPYR1, LRRC6, TMEM71, SLA, MIR7848, NDRG1, ST3GAL1, LOC101927798, ZFAT, MIR30B, MIR30D, LOC101927915, FAM135B, COL22A1, KCNK9, TRAPPC9, AGO2, RNU6-31P, PTK2, SLC45A4, GPR20, MROH5, MIR1302-7, TSNARE1, ARC, JRK, LOC100288181, SLURP1, LYPD2, LYNX1, LY6D, CYP11B1, CYP11B2, LOC100133669, LY6H, LINC01604, TOP1MT, RHPN1-AS1, MAFA, ZC3H3, MROH6, NAPRT, EEF1D, PYCRL, TSTA3	gr1
CGOV172	CGOV172T	chr8	144,785,001	146,272,001	5	1.22	MYC, RECQL4	KALRN, TRIB1, MYC, TG, COL22A1, PTK2, MAPK15, ADCK5, NRBP2, RECQL4	ZNF623, ZNF707, BREA2, MAPK15, FAM83H-AS1, GRINA, SPATC1, EXOSC4, MIR6847, GPAA1, CYC1, MAF1, KIAA1875, HGH1, MROH1, SCX, HSF1, SLC52A2, ADCK5, TONSL-AS1, KIFC2, PPP1R16A, GPT, MFSD3, LRRC14, ZNF517, ZNF7, TMED10P1, ZNF252P-AS1, C8orf33, CCDC166, FAM83H, MIR4664, SCRIB, MIR937, PUF60, NRBP2, MIR6845, EPPK1, PLEC, MIR661, PARP10, OPLAH, MIR6846, SHARPIN, MIR7112, BOP1, DGAT1, MIR6848, SCRT1, TMEM249, FBXL6, CPSF1, MIR939, MIR6849, SLC39A4, VPS28, TONSL, MIR6893, CYHR1, FOXH1, RECQL4, LRRC24, C8orf82, ARHGAP39, ZNF251, ZNF34, RPL8, MIR6850, COMMD5, ZNF250, ZNF16, ZNF252P	gr1
CGOV172	CGOV172T	chr14	34,761,001	34,925,001	3	0.73	MYC, RECQL4	KALRN, TRIB1, MYC, TG, COL22A1, PTK2, MAPK15, ADCK5, NRBP2, RECQL4	PSMA6	gr1
CGOV172	CGOV172T	chr22	24,127,001	24,239,001	3	0.65	MYC, RECQL4	KALRN, TRIB1, MYC, TG, COL22A1, PTK2, MAPK15, ADCK5, NRBP2, RECQL4	CRYBB2P1, MIR6817	gr1
CGOV173	CGOV173T	chr3	103,821,001	104,134,001	4	0.84	PRSS1	PRSS1, KSR1, SPOP, COL1A1	NA	gr1
CGOV173	CGOV173T	chr3	112,482,001	112,650,001	4	0.92	PRSS1	PRSS1, KSR1, SPOP, COL1A1	NA	gr1
CGOV173	CGOV173T	chr3	190,688,001	190,847,001	4	0.92	PRSS1	PRSS1, KSR1, SPOP, COL1A1	NA	gr1
CGOV173	CGOV173T	chr7	141,714,001	142,154,001	3	0.49	PRSS1	PRSS1, KSR1, SPOP, COL1A1	MTRNR2L6, PRSS1	gr1
CGOV173	CGOV173T	chr17	22,739,001	23,308,001	5	1	PRSS1	PRSS1, KSR1, SPOP, COL1A1	TBC1D3P5, KSR1, LGALS9, NOS2, LYRM9	gr1
CGOV173	CGOV173T	chr17	24,080,001	24,310,001	5	0.99	PRSS1	PRSS1, KSR1, SPOP, COL1A1	TRAF4, ERAL1, MIR451B, LOC101927018, FAM222B, MIR451A, MIR144, MIR4732, FLOT2, DHRS13, PHF12	gr1
CGOV173	CGOV173T	chr17	24,316,001	24,379,001	99	5.03	PRSS1	PRSS1, KSR1, SPOP, COL1A1	NA	gr1
CGOV173	CGOV173T	chr17	24,397,001	24,701,001	5	1.01	PRSS1	PRSS1, KSR1, SPOP, COL1A1	CRYBA1, MYO18A, TIAF1, NUFIP2	gr1
CGOV173	CGOV173T	chr17	29,460,001	29,719,001	5	1.08	PRSS1	PRSS1, KSR1, SPOP, COL1A1	CCL2, CCL7, CCL11, CCL8, CCL13, LOC101927239, CCL1	gr1
CGOV173	CGOV173T	chr17	29,720,001	29,740,001	10	1.86	PRSS1	PRSS1, KSR1, SPOP, COL1A1	NA	gr1
CGOV173	CGOV173T	chr17	29,741,001	29,783,001	5	1.02	PRSS1	PRSS1, KSR1, SPOP, COL1A1	NA	gr1
CGOV173	CGOV173T	chr17	33,239,001	33,313,001	6	1.28	NA	NA	NA	gr2
CGOV173	CGOV173T	chr17	36,714,001	37,058,001	6	1.23	PRSS1	PRSS1, KSR1, SPOP, COL1A1	LOC100505782, KRTAP16-1, KRTAP17-1, KRT33A, KRT33B, KRT34, KRT31, KRT37, KRT38, KRT32, KRT35, KRT36, KRT13, KRT15, MIR6510, KRT19, LINC00974, KRT9, KRT14, KRT16, KRT17, KRT42P	gr1
CGOV173	CGOV173T	chr17	43,526,001	43,759,001	135	5.48	PRSS1	PRSS1, KSR1, SPOP, COL1A1	SNX11, THRA1/BTR, MIR1203	gr1
CGOV173	CGOV173T	chr17	43,760,001	43,768,001	91	4.92	PRSS1	PRSS1, KSR1, SPOP, COL1A1	NA	gr1
CGOV173	CGOV173T	chr17	43,769,001	43,823,001	122	5.33	PRSS1	PRSS1, KSR1, SPOP, COL1A1	NA	gr1
CGOV173	CGOV173T	chr17	43,824,001	43,939,001	84	4.8	PRSS1	PRSS1, KSR1, SPOP, COL1A1	LOC101927166	gr1
CGOV173	CGOV173T	chr17	44,041,001	44,435,001	5	1.05	PRSS1	PRSS1, KSR1, SPOP, COL1A1	PRAC2, CALCOCO2, ATP5G1, UBE2Z, HOXB8, HOXB9, MIR196A1, PRAC1, MIR3185, HOXB13, TTLL6, SNF8, GIP	gr1
CGOV173	CGOV173T	chr17	44,849,001	44,906,001	10	1.88	PRSS1	PRSS1, KSR1, SPOP, COL1A1	LOC101927207	gr1
CGOV173	CGOV173T	chr17	44,983,001	45,287,001	6	1.22	PRSS1	PRSS1, KSR1, SPOP, COL1A1	NXPH3, KAT7, FLJ45513, SPOP, SLC35B1, FAM117A, TAC4	gr1
CGOV173	CGOV173T	chr17	45,294,001	45,435,001	7	1.38	PRSS1	PRSS1, KSR1, SPOP, COL1A1	DLX4, DLX3	gr1
CGOV173	CGOV173T	chr17	45,589,001	45,706,001	37	3.65	PRSS1	PRSS1, KSR1, SPOP, COL1A1	SGCA, LOC101927230, HILS1, COL1A1	gr1
CGOV174	CGOV174T	chr8	69,383,001	69,389,001	7	1.39	NA	NA	NA	gr1
CGOV155	CGOV155T_1	chr18	1	3,445,001	6	1.58	NA	YES1, RIOK3, LAMA3	LOC102723376, ROCK1P1, USP14, CETN1, CLUL1, TYMS, ADCYAP1, NDC80, SMCHD1, EMILIN2, MYL12A, MYL12B, MIR8078, THOC1, COLEC12, TYMSOS, ENOSF1, YES1, LINC00470, METTL4, CBX3P2, LPIN2, LOC727896, MYOM1, LOC104968399	gr1
CGOV155	CGOV155T_1	chr18	18,225,001	18,346,001	8	2.04	NA	YES1, RIOK3, LAMA3	CTAGE1	gr1
CGOV155	CGOV155T_1	chr18	18,347,001	20,395,001	5	1.54	NA	YES1, RIOK3, LAMA3	RBBP8, MIR4741, CABLES1, RIOK3, C18orf8, LAMA3, TTC39C, CABYR, MIR320C2, IMPACT, HRH4, LOC101927571, TMEM241, NPC1, ANKRD29, TTC39C-AS1, OSBPL1A	gr1
CGOV159	CGOV159T_3	chr4	142,890,001	142,980,001	5	0.49	NA	NA	NA	gr1
CGOV159	CGOV159T_3	chr4	142,981,001	143,070,001	9	1.03	NA	NA	NA	gr1
CGOV159	CGOV159T_3	chr4	143,071,001	143,251,001	6	0.72	NA	NA	NA	gr1
CGOV159	CGOV159T_3	chr4	143,252,001	143,294,001	4	0.31	NA	NA	NA	gr1
CGOV144	CGOV144T	chr1	247,177,001	247,186,001	7	1.51	NA	NA	NA	gr1
CGOV145	CGOV145T	chr8	39,938,001	40,219,001	11	1.52	NA	ANK1, KAT6A, HOOK3, POMK	C8orf4	gr1
CGOV145	CGOV145T	chr8	40,220,001	40,408,001	14	1.89	NA	ANK1, KAT6A, HOOK3, POMK	NA	gr1
CGOV145	CGOV145T	chr8	40,416,001	42,309,001	8	1.16	NA	ANK1, KAT6A, HOOK3, POMK	GOLGA7, GINS4, GPAT4, MIR486-2, AP3M2, ZMAT4, SFRP1, MIR548AO, LOC102723729, NKX6-3, ANK1, MIR486-1, KAT6A, PLAT, LOC101929897	gr1
CGOV145	CGOV145T	chr8	42,313,001	43,210,001	8	1.09	NA	ANK1, KAT6A, HOOK3, POMK	POLB, VDAC3, SMIM19, CHRNB3, HOOK3, FNTA, POMK, HGSNAT, DKK4, SLC20A2, CHRNA6, THAP1, RNF170, MIR4469	gr1
CGOV145	CGOV145T	chr19	35,862,001	36,061,001	15	1.96	NA	ANK1, KAT6A, HOOK3, POMK	NA	gr1
CGOV145	CGOV145T	chr19	36,062,001	36,531,001	11	1.56	NA	ANK1, KAT6A, HOOK3, POMK	NA	gr1
CGOV145	CGOV145T	chr19	36,534,001	37,954,001	11	1.51	NA	ANK1, KAT6A, HOOK3, POMK	THEG5, LINC01533, ZNF507, DPY19L3, PDCD5, RGS9BP, NUDT19, LOC101927411, LOC400684, ANKRD27	gr1
CGOV145	CGOV145T	chr19	37,955,001	38,161,001	8	1.14	NA	ANK1, KAT6A, HOOK3, POMK	FAAP24, SLC7A9, CEP89	gr1
CGOV145	CGOV145T_1	chr8	39,939,001	40,223,001	10	1.55	NA	NA	C8orf4	gr1
CGOV145	CGOV145T_1	chr8	40,224,001	40,408,001	13	1.91	NA	NA	NA	gr1
CGOV145	CGOV145T_1	chr19	35,862,001	36,068,001	15	2.04	NA	NA	NA	gr2
CGOV145	CGOV145T_1	chr19	36,069,001	37,950,001	10	1.57	NA	NA	THEG5, LINC01533, ZNF507, DPY19L3, PDCD5, RGS9BP, NUDT19, TSHZ3, LOC101927411, LOC400684, ANKRD27	gr2
CGOV161	CGOV161T	chr1	71,955,001	72,049,001	5	0.38	PRSS1, CDKN1B, KRAS	CDK18, DSTYK, NUAK2, ELK4, SLC45A3, CSNK1A1, HSP90AB1, PKHD1, ICK, PRSS1, FLI1, KCNJ5, ERC1, CACNA1C, CCND2, DYRK4, KCNA5, ANO2, ZNF384, CD163L1, CD163, STYK1, ETV6, CDKN1B, PIK3C2G, STK38L, DDX11, LRP6, GRIN2B, GUCY2C, KRAS, ITPR2, OVCH1, LAMA1, LAMA3	NA	gr1
CGOV161	CGOV161T	chr1	203,195,001	204,498,001	7	0.63	PRSS1, CDKN1B, KRAS	CDK18, DSTYK, NUAK2, ELK4, SLC45A3, CSNK1A1, HSP90AB1, PKHD1, ICK, PRSS1, FLI1, KCNJ5, ERC1, CACNA1C, CCND2, DYRK4, KCNA5, ANO2, ZNF384, CD163L1, CD163, STYK1, ETV6, CDKN1B, PIK3C2G, STK38L, DDX11, LRP6, GRIN2B, GUCY2C, KRAS, ITPR2, OVCH1, LAMA1, LAMA3	CNTN2, TMCC2, LEMD1-AS1, CDK18, MFSD4, LOC284581, FAM72C, FAM72A, AVPR1B, TMEM81, RBBP5, DSTYK, NUAK2, KLHDC8A, LEMD1, BLACAT1, MIR135B, LOC284578, ELK4, SLC45A3, NUCKS1, RAB29, SLC41A1, PM20D1, SLC26A9, C1orf186	gr1
CGOV161	CGOV161T	chr3	108,814,001	109,270,001	9	0.81	PRSS1, CDKN1B, KRAS	CDK18, DSTYK, NUAK2, ELK4, SLC45A3, CSNK1A1, HSP90AB1, PKHD1, ICK, PRSS1, FLI1, KCNJ5, ERC1, CACNA1C, CCND2, DYRK4, KCNA5, ANO2, ZNF384, CD163L1, CD163, STYK1, ETV6, CDKN1B, PIK3C2G, STK38L, DDX11, LRP6, GRIN2B, GUCY2C, KRAS, ITPR2, OVCH1, LAMA1, LAMA3	LINC00636, LINC00635	gr1
CGOV161	CGOV161T	chr4	61,021,001	61,502,001	5	0.32	PRSS1, CDKN1B, KRAS	CDK18, DSTYK, NUAK2, ELK4, SLC45A3, CSNK1A1, HSP90AB1, PKHD1, ICK, PRSS1, FLI1, KCNJ5, ERC1, CACNA1C, CCND2, DYRK4, KCNA5, ANO2, ZNF384, CD163L1, CD163, STYK1, ETV6, CDKN1B, PIK3C2G, STK38L, DDX11, LRP6, GRIN2B, GUCY2C, KRAS, ITPR2, OVCH1, LAMA1, LAMA3	MIR548AG1	gr1
CGOV161	CGOV161T	chr5	19,994,001	20,026,001	7	0.66	NA	NA	NA	gr2
CGOV161	CGOV161T	chr5	20,156,001	20,243,001	7	0.68	NA	NA	NA	gr2
CGOV161	CGOV161T	chr5	21,902,001	21,921,001	8	0.75	NA	NA	NA	gr4
CGOV161	CGOV161T	chr5	28,475,001	28,542,001	8	0.76	NA	NA	NA	gr5
CGOV161	CGOV161T	chr5	31,107,001	31,177,001	8	0.75	NA	NA	NA	gr6
CGOV161	CGOV161T	chr5	31,948,001	31,990,001	7	0.62	NA	NA	MIR4279	gr7
CGOV161	CGOV161T	chr5	33,851,001	33,881,001	6	0.51	PRSS1, CDKN1B, KRAS	CDK18, DSTYK, NUAK2, ELK4, SLC45A3, CSNK1A1, HSP90AB1, PKHD1, ICK, PRSS1, FLI1, KCNJ5, ERC1, CACNA1C, CCND2, DYRK4, KCNA5, ANO2, ZNF384, CD163L1, CD163, STYK1, ETV6, CDKN1B, PIK3C2G, STK38L, DDX11, LRP6, GRIN2B, GUCY2C, KRAS, ITPR2, OVCH1, LAMA1, LAMA3	NA	gr1
CGOV161	CGOV161T	chr5	34,780,001	34,814,001	7	0.58	NA	NA	NA	gr8
CGOV161	CGOV161T	chr5	36,111,001	36,123,001	8	0.72	NA	NA	NA	gr9
CGOV161	CGOV161T	chr5	37,769,001	37,793,001	7	0.62	NA	NA	NA	gr10
CGOV161	CGOV161T	chr5	38,317,001	38,367,001	7	0.62	PRSS1, CDKN1B, KRAS	CDK18, DSTYK, NUAK2, ELK4, SLC45A3, CSNK1A1, HSP90AB1, PKHD1, ICK, PRSS1, FLI1, KCNJ5, ERC1, CACNA1C, CCND2, DYRK4, KCNA5, ANO2, ZNF384, CD163L1, CD163, STYK1, ETV6, CDKN1B, PIK3C2G, STK38L, DDX11, LRP6, GRIN2B, GUCY2C, KRAS, ITPR2, OVCH1, LAMA1, LAMA3	EGFLAM-AS4	gr1
CGOV161	CGOV161T	chr5	39,258,001	39,423,001	7	0.68	PRSS1, CDKN1B, KRAS	CDK18, DSTYK, NUAK2, ELK4, SLC45A3, CSNK1A1, HSP90AB1, PKHD1, ICK, PRSS1, FLI1, KCNJ5, ERC1, CACNA1C, CCND2, DYRK4, KCNA5, ANO2, ZNF384, CD163L1, CD163, STYK1, ETV6, CDKN1B, PIK3C2G, STK38L, DDX11, LRP6, GRIN2B, GUCY2C, KRAS, ITPR2, OVCH1, LAMA1, LAMA3	C9	gr1
CGOV161	CGOV161T	chr5	39,829,001	39,937,001	7	0.65	PRSS1, CDKN1B, KRAS	CDK18, DSTYK, NUAK2, ELK4, SLC45A3, CSNK1A1, HSP90AB1, PKHD1, ICK, PRSS1, FLI1, KCNJ5, ERC1, CACNA1C, CCND2, DYRK4, KCNA5, ANO2, ZNF384, CD163L1, CD163, STYK1, ETV6, CDKN1B, PIK3C2G, STK38L, DDX11, LRP6, GRIN2B, GUCY2C, KRAS, ITPR2, OVCH1, LAMA1, LAMA3	NA	gr1
CGOV161	CGOV161T	chr5	42,470,001	42,557,001	7	0.62	NA	NA	NA	gr11
CGOV161	CGOV161T	chr5	44,101,001	44,167,001	7	0.6	NA	NA	NA	gr12
CGOV161	CGOV161T	chr5	50,320,001	50,410,001	7	0.67	PRSS1, CDKN1B, KRAS	CDK18, DSTYK, NUAK2, ELK4, SLC45A3, CSNK1A1, HSP90AB1, PKHD1, ICK, PRSS1, FLI1, KCNJ5, ERC1, CACNA1C, CCND2, DYRK4, KCNA5, ANO2, ZNF384, CD163L1, CD163, STYK1, ETV6, CDKN1B, PIK3C2G, STK38L, DDX11, LRP6, GRIN2B, GUCY2C, KRAS, ITPR2, OVCH1, LAMA1, LAMA3	NA	gr1
CGOV161	CGOV161T	chr5	51,104,001	51,138,001	7	0.6	PRSS1, CDKN1B, KRAS	CDK18, DSTYK, NUAK2, ELK4, SLC45A3, CSNK1A1, HSP90AB1, PKHD1, ICK, PRSS1, FLI1, KCNJ5, ERC1, CACNA1C, CCND2, DYRK4, KCNA5, ANO2, ZNF384, CD163L1, CD163, STYK1, ETV6, CDKN1B, PIK3C2G, STK38L, DDX11, LRP6, GRIN2B, GUCY2C, KRAS, ITPR2, OVCH1, LAMA1, LAMA3	NA	gr1
CGOV161	CGOV161T	chr5	51,545,001	51,594,001	7	0.62	PRSS1, CDKN1B, KRAS	CDK18, DSTYK, NUAK2, ELK4, SLC45A3, CSNK1A1, HSP90AB1, PKHD1, ICK, PRSS1, FLI1, KCNJ5, ERC1, CACNA1C, CCND2, DYRK4, KCNA5, ANO2, ZNF384, CD163L1, CD163, STYK1, ETV6, CDKN1B, PIK3C2G, STK38L, DDX11, LRP6, GRIN2B, GUCY2C, KRAS, ITPR2, OVCH1, LAMA1, LAMA3	NA	gr1
CGOV161	CGOV161T	chr5	52,049,001	52,122,001	7	0.6	PRSS1, CDKN1B, KRAS	CDK18, DSTYK, NUAK2, ELK4, SLC45A3, CSNK1A1, HSP90AB1, PKHD1, ICK, PRSS1, FLI1, KCNJ5, ERC1, CACNA1C, CCND2, DYRK4, KCNA5, ANO2, ZNF384, CD163L1, CD163, STYK1, ETV6, CDKN1B, PIK3C2G, STK38L, DDX11, LRP6, GRIN2B, GUCY2C, KRAS, ITPR2, OVCH1, LAMA1, LAMA3	NA	gr1
CGOV161	CGOV161T	chr5	52,139,001	52,213,001	7	0.62	PRSS1, CDKN1B, KRAS	CDK18, DSTYK, NUAK2, ELK4, SLC45A3, CSNK1A1, HSP90AB1, PKHD1, ICK, PRSS1, FLI1, KCNJ5, ERC1, CACNA1C, CCND2, DYRK4, KCNA5, ANO2, ZNF384, CD163L1, CD163, STYK1, ETV6, CDKN1B, PIK3C2G, STK38L, DDX11, LRP6, GRIN2B, GUCY2C, KRAS, ITPR2, OVCH1, LAMA1, LAMA3	NA	gr1
CGOV161	CGOV161T	chr5	52,745,001	52,862,001	7	0.62	PRSS1, CDKN1B, KRAS	CDK18, DSTYK, NUAK2, ELK4, SLC45A3, CSNK1A1, HSP90AB1, PKHD1, ICK, PRSS1, FLI1, KCNJ5, ERC1, CACNA1C, CCND2, DYRK4, KCNA5, ANO2, ZNF384, CD163L1, CD163, STYK1, ETV6, CDKN1B, PIK3C2G, STK38L, DDX11, LRP6, GRIN2B, GUCY2C, KRAS, ITPR2, OVCH1, LAMA1, LAMA3	FST	gr1
CGOV161	CGOV161T	chr5	53,194,001	53,219,001	7	0.6	PRSS1, CDKN1B, KRAS	CDK18, DSTYK, NUAK2, ELK4, SLC45A3, CSNK1A1, HSP90AB1, PKHD1, ICK, PRSS1, FLI1, KCNJ5, ERC1, CACNA1C, CCND2, DYRK4, KCNA5, ANO2, ZNF384, CD163L1, CD163, STYK1, ETV6, CDKN1B, PIK3C2G, STK38L, DDX11, LRP6, GRIN2B, GUCY2C, KRAS, ITPR2, OVCH1, LAMA1, LAMA3	NA	gr1
CGOV161	CGOV161T	chr5	55,895,001	56,033,001	5	0.34	PRSS1, CDKN1B, KRAS	CDK18, DSTYK, NUAK2, ELK4, SLC45A3, CSNK1A1, HSP90AB1, PKHD1, ICK, PRSS1, FLI1, KCNJ5, ERC1, CACNA1C, CCND2, DYRK4, KCNA5, ANO2, ZNF384, CD163L1, CD163, STYK1, ETV6, CDKN1B, PIK3C2G, STK38L, DDX11, LRP6, GRIN2B, GUCY2C, KRAS, ITPR2, OVCH1, LAMA1, LAMA3	NA	gr1
CGOV161	CGOV161T	chr5	56,880,001	56,894,001	9	0.85	NA	NA	NA	gr13
CGOV161	CGOV161T	chr5	58,276,001	58,415,001	9	0.85	PRSS1, CDKN1B, KRAS	CDK18, DSTYK, NUAK2, ELK4, SLC45A3, CSNK1A1, HSP90AB1, PKHD1, ICK, PRSS1, FLI1, KCNJ5, ERC1, CACNA1C, CCND2, DYRK4, KCNA5, ANO2, ZNF384, CD163L1, CD163, STYK1, ETV6, CDKN1B, PIK3C2G, STK38L, DDX11, LRP6, GRIN2B, GUCY2C, KRAS, ITPR2, OVCH1, LAMA1, LAMA3	PDE4D	gr1
CGOV161	CGOV161T	chr5	58,758,001	58,788,001	7	0.67	PRSS1, CDKN1B, KRAS	CDK18, DSTYK, NUAK2, ELK4, SLC45A3, CSNK1A1, HSP90AB1, PKHD1, ICK, PRSS1, FLI1, KCNJ5, ERC1, CACNA1C, CCND2, DYRK4, KCNA5, ANO2, ZNF384, CD163L1, CD163, STYK1, ETV6, CDKN1B, PIK3C2G, STK38L, DDX11, LRP6, GRIN2B, GUCY2C, KRAS, ITPR2, OVCH1, LAMA1, LAMA3	NA	gr1
CGOV161	CGOV161T	chr5	59,137,001	59,161,001	7	0.66	PRSS1, CDKN1B, KRAS	CDK18, DSTYK, NUAK2, ELK4, SLC45A3, CSNK1A1, HSP90AB1, PKHD1, ICK, PRSS1, FLI1, KCNJ5, ERC1, CACNA1C, CCND2, DYRK4, KCNA5, ANO2, ZNF384, CD163L1, CD163, STYK1, ETV6, CDKN1B, PIK3C2G, STK38L, DDX11, LRP6, GRIN2B, GUCY2C, KRAS, ITPR2, OVCH1, LAMA1, LAMA3	NA	gr1
CGOV161	CGOV161T	chr5	59,291,001	59,399,001	7	0.64	PRSS1, CDKN1B, KRAS	CDK18, DSTYK, NUAK2, ELK4, SLC45A3, CSNK1A1, HSP90AB1, PKHD1, ICK, PRSS1, FLI1, KCNJ5, ERC1, CACNA1C, CCND2, DYRK4, KCNA5, ANO2, ZNF384, CD163L1, CD163, STYK1, ETV6, CDKN1B, PIK3C2G, STK38L, DDX11, LRP6, GRIN2B, GUCY2C, KRAS, ITPR2, OVCH1, LAMA1, LAMA3	NA	gr1
CGOV161	CGOV161T	chr5	60,516,001	60,531,001	7	0.59	NA	NA	NA	gr14
CGOV161	CGOV161T	chr5	61,643,001	61,687,001	8	0.74	PRSS1, CDKN1B, KRAS	CDK18, DSTYK, NUAK2, ELK4, SLC45A3, CSNK1A1, HSP90AB1, PKHD1, ICK, PRSS1, FLI1, KCNJ5, ERC1, CACNA1C, CCND2, DYRK4, KCNA5, ANO2, ZNF384, CD163L1, CD163, STYK1, ETV6, CDKN1B, PIK3C2G, STK38L, DDX11, LRP6, GRIN2B, GUCY2C, KRAS, ITPR2, OVCH1, LAMA1, LAMA3	NA	gr1
CGOV161	CGOV161T	chr5	62,417,001	62,474,001	9	0.84	PRSS1, CDKN1B, KRAS	CDK18, DSTYK, NUAK2, ELK4, SLC45A3, CSNK1A1, HSP90AB1, PKHD1, ICK, PRSS1, FLI1, KCNJ5, ERC1, CACNA1C, CCND2, DYRK4, KCNA5, ANO2, ZNF384, CD163L1, CD163, STYK1, ETV6, CDKN1B, PIK3C2G, STK38L, DDX11, LRP6, GRIN2B, GUCY2C, KRAS, ITPR2, OVCH1, LAMA1, LAMA3	NA	gr1
CGOV161	CGOV161T	chr5	64,626,001	64,701,001	9	0.84	PRSS1, CDKN1B, KRAS	CDK18, DSTYK, NUAK2, ELK4, SLC45A3, CSNK1A1, HSP90AB1, PKHD1, ICK, PRSS1, FLI1, KCNJ5, ERC1, CACNA1C, CCND2, DYRK4, KCNA5, ANO2, ZNF384, CD163L1, CD163, STYK1, ETV6, CDKN1B, PIK3C2G, STK38L, DDX11, LRP6, GRIN2B, GUCY2C, KRAS, ITPR2, OVCH1, LAMA1, LAMA3	NA	gr1
CGOV161	CGOV161T	chr5	64,798,001	64,970,001	8	0.79	PRSS1, CDKN1B, KRAS	CDK18, DSTYK, NUAK2, ELK4, SLC45A3, CSNK1A1, HSP90AB1, PKHD1, ICK, PRSS1, FLI1, KCNJ5, ERC1, CACNA1C, CCND2, DYRK4, KCNA5, ANO2, ZNF384, CD163L1, CD163, STYK1, ETV6, CDKN1B, PIK3C2G, STK38L, DDX11, LRP6, GRIN2B, GUCY2C, KRAS, ITPR2, OVCH1, LAMA1, LAMA3	PPWD1, TRAPPC13, CENPK, TRIM23	gr1
CGOV161	CGOV161T	chr5	65,690,001	65,705,001	9	0.83	NA	NA	NA	gr15
CGOV161	CGOV161T	chr5	66,465,001	66,634,001	9	0.89	PRSS1, CDKN1B, KRAS	CDK18, DSTYK, NUAK2, ELK4, SLC45A3, CSNK1A1, HSP90AB1, PKHD1, ICK, PRSS1, FLI1, KCNJ5, ERC1, CACNA1C, CCND2, DYRK4, KCNA5, ANO2, ZNF384, CD163L1, CD163, STYK1, ETV6, CDKN1B, PIK3C2G, STK38L, DDX11, LRP6, GRIN2B, GUCY2C, KRAS, ITPR2, OVCH1, LAMA1, LAMA3	CD180	gr1
CGOV161	CGOV161T	chr5	66,729,001	66,761,001	7	0.66	PRSS1, CDKN1B, KRAS	CDK18, DSTYK, NUAK2, ELK4, SLC45A3, CSNK1A1, HSP90AB1, PKHD1, ICK, PRSS1, FLI1, KCNJ5, ERC1, CACNA1C, CCND2, DYRK4, KCNA5, ANO2, ZNF384, CD163L1, CD163, STYK1, ETV6, CDKN1B, PIK3C2G, STK38L, DDX11, LRP6, GRIN2B, GUCY2C, KRAS, ITPR2, OVCH1, LAMA1, LAMA3	NA	gr1
CGOV161	CGOV161T	chr5	67,287,001	67,313,001	7	0.64	PRSS1, CDKN1B, KRAS	CDK18, DSTYK, NUAK2, ELK4, SLC45A3, CSNK1A1, HSP90AB1, PKHD1, ICK, PRSS1, FLI1, KCNJ5, ERC1, CACNA1C, CCND2, DYRK4, KCNA5, ANO2, ZNF384, CD163L1, CD163, STYK1, ETV6, CDKN1B, PIK3C2G, STK38L, DDX11, LRP6, GRIN2B, GUCY2C, KRAS, ITPR2, OVCH1, LAMA1, LAMA3	NA	gr1
CGOV161	CGOV161T	chr5	67,406,001	67,474,001	9	0.83	PRSS1, CDKN1B, KRAS	CDK18, DSTYK, NUAK2, ELK4, SLC45A3, CSNK1A1, HSP90AB1, PKHD1, ICK, PRSS1, FLI1, KCNJ5, ERC1, CACNA1C, CCND2, DYRK4, KCNA5, ANO2, ZNF384, CD163L1, CD163, STYK1, ETV6, CDKN1B, PIK3C2G, STK38L, DDX11, LRP6, GRIN2B, GUCY2C, KRAS, ITPR2, OVCH1, LAMA1, LAMA3	NA	gr1
CGOV161	CGOV161T	chr5	71,794,001	71,801,001	8	0.75	PRSS1, CDKN1B, KRAS	CDK18, DSTYK, NUAK2, ELK4, SLC45A3, CSNK1A1, HSP90AB1, PKHD1, ICK, PRSS1, FLI1, KCNJ5, ERC1, CACNA1C, CCND2, DYRK4, KCNA5, ANO2, ZNF384, CD163L1, CD163, STYK1, ETV6, CDKN1B, PIK3C2G, STK38L, DDX11, LRP6, GRIN2B, GUCY2C, KRAS, ITPR2, OVCH1, LAMA1, LAMA3	NA	gr1
CGOV161	CGOV161T	chr5	71,810,001	71,815,001	8	0.73	PRSS1, CDKN1B, KRAS	CDK18, DSTYK, NUAK2, ELK4, SLC45A3, CSNK1A1, HSP90AB1, PKHD1, ICK, PRSS1, FLI1, KCNJ5, ERC1, CACNA1C, CCND2, DYRK4, KCNA5, ANO2, ZNF384, CD163L1, CD163, STYK1, ETV6, CDKN1B, PIK3C2G, STK38L, DDX11, LRP6, GRIN2B, GUCY2C, KRAS, ITPR2, OVCH1, LAMA1, LAMA3	NA	gr1
CGOV161	CGOV161T	chr5	71,978,001	72,042,001	7	0.64	PRSS1, CDKN1B, KRAS	CDK18, DSTYK, NUAK2, ELK4, SLC45A3, CSNK1A1, HSP90AB1, PKHD1, ICK, PRSS1, FLI1, KCNJ5, ERC1, CACNA1C, CCND2, DYRK4, KCNA5, ANO2, ZNF384, CD163L1, CD163, STYK1, ETV6, CDKN1B, PIK3C2G, STK38L, DDX11, LRP6, GRIN2B, GUCY2C, KRAS, ITPR2, OVCH1, LAMA1, LAMA3	NA	gr1
CGOV161	CGOV161T	chr5	72,267,001	72,436,001	7	0.59	PRSS1, CDKN1B, KRAS	CDK18, DSTYK, NUAK2, ELK4, SLC45A3, CSNK1A1, HSP90AB1, PKHD1, ICK, PRSS1, FLI1, KCNJ5, ERC1, CACNA1C, CCND2, DYRK4, KCNA5, ANO2, ZNF384, CD163L1, CD163, STYK1, ETV6, CDKN1B, PIK3C2G, STK38L, DDX11, LRP6, GRIN2B, GUCY2C, KRAS, ITPR2, OVCH1, LAMA1, LAMA3	FCHO2	gr1
CGOV161	CGOV161T	chr5	73,486,001	73,512,001	9	0.9	PRSS1, CDKN1B, KRAS	CDK18, DSTYK, NUAK2, ELK4, SLC45A3, CSNK1A1, HSP90AB1, PKHD1, ICK, PRSS1, FLI1, KCNJ5, ERC1, CACNA1C, CCND2, DYRK4, KCNA5, ANO2, ZNF384, CD163L1, CD163, STYK1, ETV6, CDKN1B, PIK3C2G, STK38L, DDX11, LRP6, GRIN2B, GUCY2C, KRAS, ITPR2, OVCH1, LAMA1, LAMA3	NA	gr1
CGOV161	CGOV161T	chr5	75,559,001	75,613,001	8	0.8	NA	NA	NA	gr16
CGOV161	CGOV161T	chr5	79,434,001	79,483,001	8	0.77	NA	NA	NA	gr17
CGOV161	CGOV161T	chr5	81,907,001	82,050,001	9	0.83	PRSS1, CDKN1B, KRAS	CDK18, DSTYK, NUAK2, ELK4, SLC45A3, CSNK1A1, HSP90AB1, PKHD1, ICK, PRSS1, FLI1, KCNJ5, ERC1, CACNA1C, CCND2, DYRK4, KCNA5, ANO2, ZNF384, CD163L1, CD163, STYK1, ETV6, CDKN1B, PIK3C2G, STK38L, DDX11, LRP6, GRIN2B, GUCY2C, KRAS, ITPR2, OVCH1, LAMA1, LAMA3	NA	gr1
CGOV161	CGOV161T	chr5	82,902,001	82,929,001	10	0.91	PRSS1, CDKN1B, KRAS	CDK18, DSTYK, NUAK2, ELK4, SLC45A3, CSNK1A1, HSP90AB1, PKHD1, ICK, PRSS1, FLI1, KCNJ5, ERC1, CACNA1C, CCND2, DYRK4, KCNA5, ANO2, ZNF384, CD163L1, CD163, STYK1, ETV6, CDKN1B, PIK3C2G, STK38L, DDX11, LRP6, GRIN2B, GUCY2C, KRAS, ITPR2, OVCH1, LAMA1, LAMA3	NA	gr1
CGOV161	CGOV161T	chr5	83,217,001	83,303,001	7	0.63	PRSS1, CDKN1B, KRAS	CDK18, DSTYK, NUAK2, ELK4, SLC45A3, CSNK1A1, HSP90AB1, PKHD1, ICK, PRSS1, FLI1, KCNJ5, ERC1, CACNA1C, CCND2, DYRK4, KCNA5, ANO2, ZNF384, CD163L1, CD163, STYK1, ETV6, CDKN1B, PIK3C2G, STK38L, DDX11, LRP6, GRIN2B, GUCY2C, KRAS, ITPR2, OVCH1, LAMA1, LAMA3	NA	gr1
CGOV161	CGOV161T	chr5	87,979,001	88,000,001	7	0.65	NA	NA	MIR9-2	gr18
CGOV161	CGOV161T	chr5	99,785,001	99,995,001	5	0.43	PRSS1, CDKN1B, KRAS	CDK18, DSTYK, NUAK2, ELK4, SLC45A3, CSNK1A1, HSP90AB1, PKHD1, ICK, PRSS1, FLI1, KCNJ5, ERC1, CACNA1C, CCND2, DYRK4, KCNA5, ANO2, ZNF384, CD163L1, CD163, STYK1, ETV6, CDKN1B, PIK3C2G, STK38L, DDX11, LRP6, GRIN2B, GUCY2C, KRAS, ITPR2, OVCH1, LAMA1, LAMA3	FAM174A	gr1
CGOV161	CGOV161T	chr5	126,824,001	127,717,001	7	0.58	PRSS1, CDKN1B, KRAS	CDK18, DSTYK, NUAK2, ELK4, SLC45A3, CSNK1A1, HSP90AB1, PKHD1, ICK, PRSS1, FLI1, KCNJ5, ERC1, CACNA1C, CCND2, DYRK4, KCNA5, ANO2, ZNF384, CD163L1, CD163, STYK1, ETV6, CDKN1B, PIK3C2G, STK38L, DDX11, LRP6, GRIN2B, GUCY2C, KRAS, ITPR2, OVCH1, LAMA1, LAMA3	PRRC1, CTXN3, SLC12A2, LINC01184	gr1
CGOV161	CGOV161T	chr5	148,445,001	148,834,001	6	0.48	PRSS1, CDKN1B, KRAS	CDK18, DSTYK, NUAK2, ELK4, SLC45A3, CSNK1A1, HSP90AB1, PKHD1, ICK, PRSS1, FLI1, KCNJ5, ERC1, CACNA1C, CCND2, DYRK4, KCNA5, ANO2, ZNF384, CD163L1, CD163, STYK1, ETV6, CDKN1B, PIK3C2G, STK38L, DDX11, LRP6, GRIN2B, GUCY2C, KRAS, ITPR2, OVCH1, LAMA1, LAMA3	ABLIM3, AFAP1L1, GRPEL2, PCYOX1L, MIR143HG, MIR143, MIR145, GRPEL2-AS1, IL17B	gr1
CGOV161	CGOV161T	chr5	148,835,001	148,972,001	8	0.78	PRSS1, CDKN1B, KRAS	CDK18, DSTYK, NUAK2, ELK4, SLC45A3, CSNK1A1, HSP90AB1, PKHD1, ICK, PRSS1, FLI1, KCNJ5, ERC1, CACNA1C, CCND2, DYRK4, KCNA5, ANO2, ZNF384, CD163L1, CD163, STYK1, ETV6, CDKN1B, PIK3C2G, STK38L, DDX11, LRP6, GRIN2B, GUCY2C, KRAS, ITPR2, OVCH1, LAMA1, LAMA3	CSNK1A1	gr1
CGOV161	CGOV161T	chr5	148,973,001	149,377,001	6	0.46	PRSS1, CDKN1B, KRAS	CDK18, DSTYK, NUAK2, ELK4, SLC45A3, CSNK1A1, HSP90AB1, PKHD1, ICK, PRSS1, FLI1, KCNJ5, ERC1, CACNA1C, CCND2, DYRK4, KCNA5, ANO2, ZNF384, CD163L1, CD163, STYK1, ETV6, CDKN1B, PIK3C2G, STK38L, DDX11, LRP6, GRIN2B, GUCY2C, KRAS, ITPR2, OVCH1, LAMA1, LAMA3	PPARGC1B, MIR378A, SLC26A2, PDE6A, LOC644762, TIGD6	gr1
CGOV161	CGOV161T	chr6	44,293,001	55,453,001	7	0.59	PRSS1, CDKN1B, KRAS	CDK18, DSTYK, NUAK2, ELK4, SLC45A3, CSNK1A1, HSP90AB1, PKHD1, ICK, PRSS1, FLI1, KCNJ5, ERC1, CACNA1C, CCND2, DYRK4, KCNA5, ANO2, ZNF384, CD163L1, CD163, STYK1, ETV6, CDKN1B, PIK3C2G, STK38L, DDX11, LRP6, GRIN2B, GUCY2C, KRAS, ITPR2, OVCH1, LAMA1, LAMA3	SLC29A1, HSP90AB1, TMEM151B, SPATS1, CDC5L, MIR4642, RUNX2, ENPP4, LOC101926915, LOC101926898, SLC25A27, TDRD6, ANKRD66, MEP1A, LOC101926962, CD2AP, ADGRF2, ADGRF4, OPN5, CENPQ, GLYATL3, C6orf141, LOC101927020, TFAP2D, TFAP2B, LOC101927082, MIR206, MIR133B, IL17A, PAQR8, EFHC1, TRAM2-AS1, LOC730101, TMEM14A, FBXO9, MIR5685, LINC01564, LRRC1, LOC101927189, MLIP-IT1, MLIP, TINAG, FAM83B, HCRTR2, GFRAL, SLC35B2, MIR4647, NFKBIE, TCTE1, AARS2, SUPT3H, MIR586, CLIC5, ENPP5, RCAN2, CYP39A1, PLA2G7, ADGRF5, ADGRF1, TNFRSF21, PTCHD4, MUT, RHAG, CRISP2, CRISP3, PGK2, LOC101927048, CRISP1, DEFB133, DEFB114, DEFB113, DEFB110, DEFB112, PKHD1, LINCMD1, IL17F, MCM3, TRAM2, GSTA7P, GSTA2, GSTA1, GSTA5, GSTA3, GSTA4, ICK, GCM1, ELOVL5, RPS16P5, GCLC, LOC101927136, KLHL31	gr1
CGOV161	CGOV161T	chr6	141,613,001	141,726,001	9	0.87	PRSS1, CDKN1B, KRAS	CDK18, DSTYK, NUAK2, ELK4, SLC45A3, CSNK1A1, HSP90AB1, PKHD1, ICK, PRSS1, FLI1, KCNJ5, ERC1, CACNA1C, CCND2, DYRK4, KCNA5, ANO2, ZNF384, CD163L1, CD163, STYK1, ETV6, CDKN1B, PIK3C2G, STK38L, DDX11, LRP6, GRIN2B, GUCY2C, KRAS, ITPR2, OVCH1, LAMA1, LAMA3	NA	gr1
CGOV161	CGOV161T	chr6	158,596,001	159,386,001	8	0.79	PRSS1, CDKN1B, KRAS	CDK18, DSTYK, NUAK2, ELK4, SLC45A3, CSNK1A1, HSP90AB1, PKHD1, ICK, PRSS1, FLI1, KCNJ5, ERC1, CACNA1C, CCND2, DYRK4, KCNA5, ANO2, ZNF384, CD163L1, CD163, STYK1, ETV6, CDKN1B, PIK3C2G, STK38L, DDX11, LRP6, GRIN2B, GUCY2C, KRAS, ITPR2, OVCH1, LAMA1, LAMA3	TULP4, TMEM181, MIR7161, SYTL3, EZR-AS1, C6orf99, DYNLT1, MIR3918, EZR, OSTCP1, RSPH3, TAGAP	gr1
CGOV161	CGOV161T	chr7	95,819,001	96,027,001	6	0.45	PRSS1, CDKN1B, KRAS	CDK18, DSTYK, NUAK2, ELK4, SLC45A3, CSNK1A1, HSP90AB1, PKHD1, ICK, PRSS1, FLI1, KCNJ5, ERC1, CACNA1C, CCND2, DYRK4, KCNA5, ANO2, ZNF384, CD163L1, CD163, STYK1, ETV6, CDKN1B, PIK3C2G, STK38L, DDX11, LRP6, GRIN2B, GUCY2C, KRAS, ITPR2, OVCH1, LAMA1, LAMA3	C7orf76	gr1
CGOV161	CGOV161T	chr7	141,721,001	142,154,001	5	0.36	PRSS1, CDKN1B, KRAS	CDK18, DSTYK, NUAK2, ELK4, SLC45A3, CSNK1A1, HSP90AB1, PKHD1, ICK, PRSS1, FLI1, KCNJ5, ERC1, CACNA1C, CCND2, DYRK4, KCNA5, ANO2, ZNF384, CD163L1, CD163, STYK1, ETV6, CDKN1B, PIK3C2G, STK38L, DDX11, LRP6, GRIN2B, GUCY2C, KRAS, ITPR2, OVCH1, LAMA1, LAMA3	MTRNR2L6, PRSS1	gr1
CGOV161	CGOV161T	chr7	146,141,001	146,214,001	8	0.73	NA	NA	NA	gr19
CGOV161	CGOV161T	chr8	14,401,001	14,455,001	7	0.58	NA	NA	NA	gr20
CGOV161	CGOV161T	chr8	111,231,001	111,299,001	8	0.72	PRSS1, CDKN1B, KRAS	CDK18, DSTYK, NUAK2, ELK4, SLC45A3, CSNK1A1, HSP90AB1, PKHD1, ICK, PRSS1, FLI1, KCNJ5, ERC1, CACNA1C, CCND2, DYRK4, KCNA5, ANO2, ZNF384, CD163L1, CD163, STYK1, ETV6, CDKN1B, PIK3C2G, STK38L, DDX11, LRP6, GRIN2B, GUCY2C, KRAS, ITPR2, OVCH1, LAMA1, LAMA3	NA	gr1
CGOV161	CGOV161T	chr9	18,457,001	18,685,001	7	0.63	PRSS1, CDKN1B, KRAS	CDK18, DSTYK, NUAK2, ELK4, SLC45A3, CSNK1A1, HSP90AB1, PKHD1, ICK, PRSS1, FLI1, KCNJ5, ERC1, CACNA1C, CCND2, DYRK4, KCNA5, ANO2, ZNF384, CD163L1, CD163, STYK1, ETV6, CDKN1B, PIK3C2G, STK38L, DDX11, LRP6, GRIN2B, GUCY2C, KRAS, ITPR2, OVCH1, LAMA1, LAMA3	ADAMTSL1, MIR3152	gr1
CGOV161	CGOV161T	chr11	125,805,001	126,900,001	7	0.59	PRSS1, CDKN1B, KRAS	CDK18, DSTYK, NUAK2, ELK4, SLC45A3, CSNK1A1, HSP90AB1, PKHD1, ICK, PRSS1, FLI1, KCNJ5, ERC1, CACNA1C, CCND2, DYRK4, KCNA5, ANO2, ZNF384, CD163L1, CD163, STYK1, ETV6, CDKN1B, PIK3C2G, STK38L, DDX11, LRP6, GRIN2B, GUCY2C, KRAS, ITPR2, OVCH1, LAMA1, LAMA3	LOC101929427, KIRREL3-AS2, KIRREL3-AS3, LOC101929473, LOC101929497, KIRREL3, MIR3167	gr1
CGOV161	CGOV161T	chr11	126,901,001	133,638,001	9	0.87	PRSS1, CDKN1B, KRAS	CDK18, DSTYK, NUAK2, ELK4, SLC45A3, CSNK1A1, HSP90AB1, PKHD1, ICK, PRSS1, FLI1, KCNJ5, ERC1, CACNA1C, CCND2, DYRK4, KCNA5, ANO2, ZNF384, CD163L1, CD163, STYK1, ETV6, CDKN1B, PIK3C2G, STK38L, DDX11, LRP6, GRIN2B, GUCY2C, KRAS, ITPR2, OVCH1, LAMA1, LAMA3	MIR6090, LOC101929517, FLI1, KCNJ5, BARX2, TMEM45B, LINC00167, APLP2, ST14, ADAMTS15, MIR8052, C11orf44, NTM, NTM-IT, LOC100128239, JAM3, VPS26B, ETS1, SENCR, KCNJ1, C11orf45, TP53AIP1, ARHGAP32, LINC01395, NFRKB, PRDM10, ZBTB44, ADAMTS8, LOC100507431, LOC103611081, SNX19, LOC101929653, C11orf39, OPCML, LOC646522, SPATA19, MIR4697HG, MIR4697, IGSF9B, NCAPD3, THYN1	gr1
CGOV161	CGOV161T	chr11	133,900,001	134,391,001	6	0.53	PRSS1, CDKN1B, KRAS	CDK18, DSTYK, NUAK2, ELK4, SLC45A3, CSNK1A1, HSP90AB1, PKHD1, ICK, PRSS1, FLI1, KCNJ5, ERC1, CACNA1C, CCND2, DYRK4, KCNA5, ANO2, ZNF384, CD163L1, CD163, STYK1, ETV6, CDKN1B, PIK3C2G, STK38L, DDX11, LRP6, GRIN2B, GUCY2C, KRAS, ITPR2, OVCH1, LAMA1, LAMA3	NA	gr1
CGOV161	CGOV161T	chr12	32,001	347,001	9	0.87	PRSS1, CDKN1B, KRAS	CDK18, DSTYK, NUAK2, ELK4, SLC45A3, CSNK1A1, HSP90AB1, PKHD1, ICK, PRSS1, FLI1, KCNJ5, ERC1, CACNA1C, CCND2, DYRK4, KCNA5, ANO2, ZNF384, CD163L1, CD163, STYK1, ETV6, CDKN1B, PIK3C2G, STK38L, DDX11, LRP6, GRIN2B, GUCY2C, KRAS, ITPR2, OVCH1, LAMA1, LAMA3	IQSEC3, LOC101929384, LOC574538, SLC6A12, SLC6A13, LOC102723544	gr1
CGOV161	CGOV161T	chr12	348,001	883,001	12	1.13	PRSS1, CDKN1B, KRAS	CDK18, DSTYK, NUAK2, ELK4, SLC45A3, CSNK1A1, HSP90AB1, PKHD1, ICK, PRSS1, FLI1, KCNJ5, ERC1, CACNA1C, CCND2, DYRK4, KCNA5, ANO2, ZNF384, CD163L1, CD163, STYK1, ETV6, CDKN1B, PIK3C2G, STK38L, DDX11, LRP6, GRIN2B, GUCY2C, KRAS, ITPR2, OVCH1, LAMA1, LAMA3	CCDC77, B4GALNT3, LOC100049716, NINJ2	gr1
CGOV161	CGOV161T	chr12	884,001	6,169,001	9	0.81	PRSS1, CDKN1B, KRAS	CDK18, DSTYK, NUAK2, ELK4, SLC45A3, CSNK1A1, HSP90AB1, PKHD1, ICK, PRSS1, FLI1, KCNJ5, ERC1, CACNA1C, CCND2, DYRK4, KCNA5, ANO2, ZNF384, CD163L1, CD163, STYK1, ETV6, CDKN1B, PIK3C2G, STK38L, DDX11, LRP6, GRIN2B, GUCY2C, KRAS, ITPR2, OVCH1, LAMA1, LAMA3	ERC1, LINC00942, WNT5B, ADIPOR2, LRTM2, CACNA1C-IT2, CACNA1C, CACNA1C-IT3, FKBP4, ITFG2, LOC100507424, RHNO1, TULP3, TEAD4, TSPAN9, PRMT8, CCND2, TIGAR, RAD51AP1, DYRK4, NDUFA9, GALNT8, KCNA6, KCNA1, KCNA5, NTF3, RAD52, FBXL14, MIR3649, CACNA2D4, LINC00940, DCP1B, CACNA1C-AS4, CACNA1C-AS2, CACNA1C-AS1, LOC283440, NRIP2, FOXM1, THCAT155, CRACR2A, PARP11, CCND2-AS1, FGF23, FGF6, C12orf4, AKAP3, LOC101929549, LOC101929584, ANO2, VWF	gr1
CGOV161	CGOV161T	chr12	6,188,001	6,224,001	8	0.79	PRSS1, CDKN1B, KRAS	CDK18, DSTYK, NUAK2, ELK4, SLC45A3, CSNK1A1, HSP90AB1, PKHD1, ICK, PRSS1, FLI1, KCNJ5, ERC1, CACNA1C, CCND2, DYRK4, KCNA5, ANO2, ZNF384, CD163L1, CD163, STYK1, ETV6, CDKN1B, PIK3C2G, STK38L, DDX11, LRP6, GRIN2B, GUCY2C, KRAS, ITPR2, OVCH1, LAMA1, LAMA3	NA	gr1
CGOV161	CGOV161T	chr12	6,252,001	9,327,001	9	0.81	PRSS1, CDKN1B, KRAS	CDK18, DSTYK, NUAK2, ELK4, SLC45A3, CSNK1A1, HSP90AB1, PKHD1, ICK, PRSS1, FLI1, KCNJ5, ERC1, CACNA1C, CCND2, DYRK4, KCNA5, ANO2, ZNF384, CD163L1, CD163, STYK1, ETV6, CDKN1B, PIK3C2G, STK38L, DDX11, LRP6, GRIN2B, GUCY2C, KRAS, ITPR2, OVCH1, LAMA1, LAMA3	PLEKHG6, LTBR, CD27, TAPBPL, NCAPD2, SCARNA10, GAPDH, COPS7A, PTMS, LAG3, CD4, GPR162, P3H3, GNB3, USP5, TPI1, RPL13P5, DSTNP2, LRRC23, ENO2, ATN1, C12orf57, PTPN6, MIR200C, MIR141, EMG1, C1S, C1RL-AS1, CLSTN3, PEX5, ACSM4, DPPA3, NANOGNB, NANOG, FOXJ2, NECAP1, CLEC4A, ZNF705A, FAM66C, LOC101927905, CLEC6A, CLEC4D, RIMKLB, A2ML1, PHC1, KLRG1, A2M-AS1, LINC00987, TNFRSF1A, SCNN1A, CD27-AS1, VAMP1, MRPL51, IFFO1, NOP2, CHD4, SCARNA11, LPAR5, ACRBP, ING4, ZNF384, PIANP, MLF2, CDCA3, SPSB2, PHB2, SCARNA12, LPCAT3, C1R, C1RL, RBP5, CD163L1, CD163, APOBEC1, GDF3, CLEC4C, SLC2A14, SLC2A3, C3AR1, POU5F1P3, FAM90A1, FAM86FP, LINC00937, CLEC4E, AICDA, MFAP5, M6PR, LINC00612, A2M, PZP, A2MP1, MIR1244-4, MIR1244-1, MIR1244-2, MIR1244-3	gr1
CGOV161	CGOV161T	chr12	9,627,001	11,041,001	10	0.94	PRSS1, CDKN1B, KRAS	CDK18, DSTYK, NUAK2, ELK4, SLC45A3, CSNK1A1, HSP90AB1, PKHD1, ICK, PRSS1, FLI1, KCNJ5, ERC1, CACNA1C, CCND2, DYRK4, KCNA5, ANO2, ZNF384, CD163L1, CD163, STYK1, ETV6, CDKN1B, PIK3C2G, STK38L, DDX11, LRP6, GRIN2B, GUCY2C, KRAS, ITPR2, OVCH1, LAMA1, LAMA3	LOC374443, CLEC2D, KLRF1, KLRF2, CLEC12A, CLEC12B, CLEC9A, TMEM52B, GABARAPL1, KLRD1, LOC101928100, LOC101928162, PRH2, KLRB1, CLECL1, CD69, CLEC2B, CLEC2A, LOC100506159, CLEC1B, LOC102724020, CLEC1A, CLEC7A, OLR1, KLRK1, KLRC4-KLRK1, KLRC4, KLRC3, KLRC2, KLRC1, KLRAP1, MAGOHB, STYK1, YBX3, TAS2R7, TAS2R8, TAS2R9, TAS2R10, PRR4, TAS2R13, TAS2R14, TAS2R50	gr1
CGOV161	CGOV161T	chr12	11,047,001	32,095,001	8	0.72	PRSS1, CDKN1B, KRAS	CDK18, DSTYK, NUAK2, ELK4, SLC45A3, CSNK1A1, HSP90AB1, PKHD1, ICK, PRSS1, FLI1, KCNJ5, ERC1, CACNA1C, CCND2, DYRK4, KCNA5, ANO2, ZNF384, CD163L1, CD163, STYK1, ETV6, CDKN1B, PIK3C2G, STK38L, DDX11, LRP6, GRIN2B, GUCY2C, KRAS, ITPR2, OVCH1, LAMA1, LAMA3	SMIM10L1, LINC01252, ETV6, BCL2L14, MIR1244-1, MIR1244-2, MIR1244-3, MIR1244-4, BORCS5, CREBL2, CDKN1B, APOLD1, MIR613, DDX47, RPL13AP20, GPRC5A, MIR614, LOC100506314, HTR7P1, KIAA1467, MIR7641-2, EMP1, ATF7IP, PLBD1-AS1, H2AFJ, C12orf60, PDE6H, LINC01489, RERG-AS1, PTPRO, STRAP, DERA, MGST1, SKP1P2, MIR3974, PIK3C2G, CAPZA3, PLEKHA5, AEBP2, LOC100506393, PDE3A, SLCO1C1, SLCO1B3, SLCO1B7, SLCO1B1, IAPP, PYROXD1, GOLT1B, SPX, CMAS, ETNK1, LOC101928441, MIR920, LOC101928471, LRMP, LYRM5, RASSF8, SSPN, FGFR1OP2, MED21, STK38L, ARNTL2, SMCO2, PPFIBP1, REP15, MRPS35, KLHL42, CCDC91, FAR2, OVCH1-AS1, LINC00941, TSPAN11, DDX11, FLJ13224, DENND5B-AS1, METTL20, KIAA1551, TAS2R19, TAS2R31, TAS2R46, TAS2R43, TAS2R30, TAS2R42, PRB3, PRB4, PRB1, PRB2, LRP6, MANSC1, LOH12CR2, DUSP16, GPR19, GPRC5D, HEBP1, GSG1, LINC01559, GRIN2B, PLBD1, GUCY2C, HIST4H4, WBP11, SMCO3, ART4, MGP, ERP27, ARHGDIB, RERG, EPS8, SLC15A5, LMO3, RERGL, PLCZ1, SLCO1A2, RECQL, GYS2, LDHB, KCNJ8, ABCC9, ST8SIA1, C2CD5, SOX5, LINC00477, BCAT1, C12orf77, CASC1, KRAS, LMNTD1, MIR4302, RASSF8-AS1, BHLHE41, ITPR2, ASUN, TM7SF3, C12orf71, ARNTL2-AS1, MANSC4, PTHLH, LOC100506606, ERGIC2, OVCH1, TMTC1, IPO8, CAPRIN2, DDX11-AS1, FAM60A, DENND5B, AMN1, H3F3C, RNU6-78P	gr1
CGOV161	CGOV161T	chr12	81,401,001	82,819,001	7	0.61	PRSS1, CDKN1B, KRAS	CDK18, DSTYK, NUAK2, ELK4, SLC45A3, CSNK1A1, HSP90AB1, PKHD1, ICK, PRSS1, FLI1, KCNJ5, ERC1, CACNA1C, CCND2, DYRK4, KCNA5, ANO2, ZNF384, CD163L1, CD163, STYK1, ETV6, CDKN1B, PIK3C2G, STK38L, DDX11, LRP6, GRIN2B, GUCY2C, KRAS, ITPR2, OVCH1, LAMA1, LAMA3	TMTC2	gr1
CGOV161	CGOV161T	chr14	47,300,001	47,333,001	7	0.59	NA	NA	NA	gr21
CGOV161	CGOV161T	chr14	106,133,001	106,313,001	5	0.32	NA	NA	MIR7641-2	gr3
CGOV161	CGOV161T	chr14	106,314,001	106,359,001	7	0.66	NA	NA	MIR5195	gr3
CGOV161	CGOV161T	chr18	4,386,001	9,475,001	7	0.59	PRSS1, CDKN1B, KRAS	CDK18, DSTYK, NUAK2, ELK4, SLC45A3, CSNK1A1, HSP90AB1, PKHD1, ICK, PRSS1, FLI1, KCNJ5, ERC1, CACNA1C, CCND2, DYRK4, KCNA5, ANO2, ZNF384, CD163L1, CD163, STYK1, ETV6, CDKN1B, PIK3C2G, STK38L, DDX11, LRP6, GRIN2B, GUCY2C, KRAS, ITPR2, OVCH1, LAMA1, LAMA3	LINC00667, MIR3976HG, MIR3976, L3MBTL4-AS1, LINC01387, ARHGAP28, LOC101927188, LRRC30, PTPRM, RAB12, MTCL1, NDUFV2, ANKRD12, TWSG1, C18orf42, LINC00526, ZBTB14, EPB41L3, TMEM200C, L3MBTL4, MIR4317, LINC00668, LAMA1, LOC100192426, GACAT2, NDUFV2-AS1	gr1
CGOV161	CGOV161T	chr18	19,495,001	19,972,001	6	0.54	PRSS1, CDKN1B, KRAS	CDK18, DSTYK, NUAK2, ELK4, SLC45A3, CSNK1A1, HSP90AB1, PKHD1, ICK, PRSS1, FLI1, KCNJ5, ERC1, CACNA1C, CCND2, DYRK4, KCNA5, ANO2, ZNF384, CD163L1, CD163, STYK1, ETV6, CDKN1B, PIK3C2G, STK38L, DDX11, LRP6, GRIN2B, GUCY2C, KRAS, ITPR2, OVCH1, LAMA1, LAMA3	LAMA3, TTC39C, TTC39C-AS1	gr1
CGOV161	CGOV161T	chr18	20,312,001	20,503,001	8	0.7	PRSS1, CDKN1B, KRAS	CDK18, DSTYK, NUAK2, ELK4, SLC45A3, CSNK1A1, HSP90AB1, PKHD1, ICK, PRSS1, FLI1, KCNJ5, ERC1, CACNA1C, CCND2, DYRK4, KCNA5, ANO2, ZNF384, CD163L1, CD163, STYK1, ETV6, CDKN1B, PIK3C2G, STK38L, DDX11, LRP6, GRIN2B, GUCY2C, KRAS, ITPR2, OVCH1, LAMA1, LAMA3	LOC729950	gr1
CGOV161	CGOV161T	chr19	56,288,001	56,730,001	5	0.33	PRSS1, CDKN1B, KRAS	CDK18, DSTYK, NUAK2, ELK4, SLC45A3, CSNK1A1, HSP90AB1, PKHD1, ICK, PRSS1, FLI1, KCNJ5, ERC1, CACNA1C, CCND2, DYRK4, KCNA5, ANO2, ZNF384, CD163L1, CD163, STYK1, ETV6, CDKN1B, PIK3C2G, STK38L, DDX11, LRP6, GRIN2B, GUCY2C, KRAS, ITPR2, OVCH1, LAMA1, LAMA3	SIGLEC9, SIGLEC7, SIGLEC17P, CD33, SIGLECL1, IGLON5, LOC100129083, CEACAM18, CTU1, LOC101928517, MIR8074, VSIG10L, ETFB, CLDND2, NKG7, LIM2, C19orf84, SIGLEC10, SIGLEC8, SIGLEC12, SIGLEC6	gr1
CGOV161	CGOV161T	chr19	56,731,001	56,759,001	11	1.07	PRSS1, CDKN1B, KRAS	CDK18, DSTYK, NUAK2, ELK4, SLC45A3, CSNK1A1, HSP90AB1, PKHD1, ICK, PRSS1, FLI1, KCNJ5, ERC1, CACNA1C, CCND2, DYRK4, KCNA5, ANO2, ZNF384, CD163L1, CD163, STYK1, ETV6, CDKN1B, PIK3C2G, STK38L, DDX11, LRP6, GRIN2B, GUCY2C, KRAS, ITPR2, OVCH1, LAMA1, LAMA3	NA	gr1
CGOV161	CGOV161T	chr19	56,760,001	57,197,001	5	0.35	PRSS1, CDKN1B, KRAS	CDK18, DSTYK, NUAK2, ELK4, SLC45A3, CSNK1A1, HSP90AB1, PKHD1, ICK, PRSS1, FLI1, KCNJ5, ERC1, CACNA1C, CCND2, DYRK4, KCNA5, ANO2, ZNF384, CD163L1, CD163, STYK1, ETV6, CDKN1B, PIK3C2G, STK38L, DDX11, LRP6, GRIN2B, GUCY2C, KRAS, ITPR2, OVCH1, LAMA1, LAMA3	ZNF175, MIR99B, MIRLET7E, MIR125A, SPACA6P, FPR2, FPR3, ZNF649-AS1, ZNF613, ZNF350-AS1, LINC01530, SIGLEC5, SIGLEC14, SPACA6P-AS, HAS1, FPR1, ZNF577, ZNF649, ZNF350	gr1
CGOV161	CGOV161T	chr19	58,849,001	58,914,001	10	0.91	NA	NA	MIR512-2, MIR512-1, MIR1323, MIR498, MIR520E, MIR515-1, MIR515-2, MIR519E, MIR520F, MIR519C, MIR1283-1, MIR520A, MIR526B, MIR519B, MIR525, MIR523, MIR518F, MIR520B, MIR518B, MIR526A1, MIR520C, MIR518C, MIR524, MIR517A, MIR519D, MIR521-2	gr22
CGOV161	CGOV161T	chr19	60,998,001	61,024,001	8	0.79	NA	NA	NA	gr23
CGOV161	CGOV161T	chr20	9,950,001	10,060,001	8	0.74	PRSS1, CDKN1B, KRAS	CDK18, DSTYK, NUAK2, ELK4, SLC45A3, CSNK1A1, HSP90AB1, PKHD1, ICK, PRSS1, FLI1, KCNJ5, ERC1, CACNA1C, CCND2, DYRK4, KCNA5, ANO2, ZNF384, CD163L1, CD163, STYK1, ETV6, CDKN1B, PIK3C2G, STK38L, DDX11, LRP6, GRIN2B, GUCY2C, KRAS, ITPR2, OVCH1, LAMA1, LAMA3	ANKEF1	gr1
CGOV161	CGOV161T	chr20	19,609,001	19,675,001	7	0.62	NA	NA	NA	gr24
CGOV161	CGOV161T	chr20	24,520,001	26,147,001	7	0.58	PRSS1, CDKN1B, KRAS	CDK18, DSTYK, NUAK2, ELK4, SLC45A3, CSNK1A1, HSP90AB1, PKHD1, ICK, PRSS1, FLI1, KCNJ5, ERC1, CACNA1C, CCND2, DYRK4, KCNA5, ANO2, ZNF384, CD163L1, CD163, STYK1, ETV6, CDKN1B, PIK3C2G, STK38L, DDX11, LRP6, GRIN2B, GUCY2C, KRAS, ITPR2, OVCH1, LAMA1, LAMA3	CST7, ENTPD6, PYGB, GINS1, ZNF337-AS1, LOC101926955, LOC100134868, FAM182A, APMAP, ACSS1, VSX1, LOC284798, LOC101926889, ABHD12, NINL, NANP, ZNF337, FAM182B, LOC101926935, NCOR1P1, MIR663AHG, MIR663A	gr1
CGOV161	CGOV161T	chr20	40,502,001	40,709,001	5	0.43	PRSS1, CDKN1B, KRAS	CDK18, DSTYK, NUAK2, ELK4, SLC45A3, CSNK1A1, HSP90AB1, PKHD1, ICK, PRSS1, FLI1, KCNJ5, ERC1, CACNA1C, CCND2, DYRK4, KCNA5, ANO2, ZNF384, CD163L1, CD163, STYK1, ETV6, CDKN1B, PIK3C2G, STK38L, DDX11, LRP6, GRIN2B, GUCY2C, KRAS, ITPR2, OVCH1, LAMA1, LAMA3	NA	gr1
CGOV161	CGOV161T	chr22	16,629,001	16,808,001	5	0.36	PRSS1, CDKN1B, KRAS	CDK18, DSTYK, NUAK2, ELK4, SLC45A3, CSNK1A1, HSP90AB1, PKHD1, ICK, PRSS1, FLI1, KCNJ5, ERC1, CACNA1C, CCND2, DYRK4, KCNA5, ANO2, ZNF384, CD163L1, CD163, STYK1, ETV6, CDKN1B, PIK3C2G, STK38L, DDX11, LRP6, GRIN2B, GUCY2C, KRAS, ITPR2, OVCH1, LAMA1, LAMA3	LINC00528, MICAL3	gr1
CGOV161	CGOV161T	chrX	88,295,001	88,349,001	6	0.46	PRSS1, CDKN1B, KRAS	CDK18, DSTYK, NUAK2, ELK4, SLC45A3, CSNK1A1, HSP90AB1, PKHD1, ICK, PRSS1, FLI1, KCNJ5, ERC1, CACNA1C, CCND2, DYRK4, KCNA5, ANO2, ZNF384, CD163L1, CD163, STYK1, ETV6, CDKN1B, PIK3C2G, STK38L, DDX11, LRP6, GRIN2B, GUCY2C, KRAS, ITPR2, OVCH1, LAMA1, LAMA3	NA	gr1
GT_011	CGOV462T	chr8	102,514,001	103,080,001	9	0.61	NA	NA	GRHL2, LOC104054148, NCALD	gr1
GT_016	CGOV465T	chr3	13,681,001	13,689,001	7	1.38	NA	NA	NA	gr1
GT_016	CGOV465T	chr3	13,690,001	13,701,001	19	2.57	NA	NA	NA	gr1
GT_016	CGOV465T	chr3	13,702,001	13,708,001	8	1.48	NA	NA	NA	gr1
GT_016	CGOV465T	chr3	13,709,001	13,761,001	5	0.85	NA	NA	NA	gr1
GT_016	CGOV465T	chr17	31,889,001	32,005,001	10	1.8	ERBB2	TADA2A, MLLT6, LASP1, MED1, ERBB2	ZNHIT3, PIGW, MYO19	gr2
GT_016	CGOV465T	chr17	32,006,001	32,778,001	19	2.57	ERBB2	TADA2A, MLLT6, LASP1, MED1, ERBB2	DHRS11, MRM1, LHX1, AATF, MIR2909, ACACA	gr2
GT_016	CGOV465T	chr17	32,779,001	34,030,001	14	2.23	ERBB2	TADA2A, MLLT6, LASP1, MED1, ERBB2	C17orf78, TADA2A, DUSP14, TBC1D3C, TBC1D3L, TBC1D3F, TBC1D3, TBC1D3I, TBC1D3K, LOC101060389, TBC1D3E, MRPL45, SOCS7, ARHGAP23, SYNRG, DDX52, MIR378J, HNF1B, YWHAEP7, LOC440434, GPR179, SRCIN1	gr2
GT_016	CGOV465T	chr17	34,073,001	34,464,001	6	1.14	ERBB2	TADA2A, MLLT6, LASP1, MED1, ERBB2	MLLT6, MIR4726, CISD3, PSMB3, MIR4727, LASP1, MIR6779, LINC00672, LRRC37A11P, C17orf96, MIR4734, PCGF2, PIP4K2B, CWC25, C17orf98, RPL23, SNORA21, FBXO47	gr2
GT_016	CGOV465T	chr17	34,465,001	34,596,001	4	0.66	ERBB2	TADA2A, MLLT6, LASP1, MED1, ERBB2	LOC100131347, PLXDC1, ARL5C	gr2
GT_016	CGOV465T	chr17	34,597,001	34,903,001	8	1.46	ERBB2	TADA2A, MLLT6, LASP1, MED1, ERBB2	RPL19, STAC2, FBXL20, MED1	gr2
GT_016	CGOV465T	chr17	34,942,001	35,520,001	28	3.14	ERBB2	TADA2A, MLLT6, LASP1, MED1, ERBB2	PPP1R1B, STARD3, TCAP, PNMT, ERBB2, MIR4728, GRB7, ZPBP2, LRRC3C, GSDMA, PSMD3, CSF3, THRA, NEUROD2, PGAP3, MIEN1, IKZF3, GSDMB, ORMDL3, MED24, MIR6884, SNORD124, NR1D1	gr2
GT_021	CGOV475T	chr17	31,889,001	32,763,001	7	0.74	NA	TADA2A, MLLT6, LASP1	ZNHIT3, PIGW, GGNBP2, DHRS11, MRM1, LHX1, AATF, MIR2909, MYO19, ACACA	gr1
GT_021	CGOV475T	chr17	32,769,001	34,370,001	7	0.75	NA	TADA2A, MLLT6, LASP1	C17orf78, TADA2A, DUSP14, TBC1D3C, TBC1D3L, TBC1D3F, TBC1D3, TBC1D3I, TBC1D3K, LOC101060389, TBC1D3E, MRPL45, SOCS7, ARHGAP23, MLLT6, MIR4726, CISD3, PSMB3, MIR4727, LASP1, MIR6779, LINC00672, SYNRG, DDX52, MIR378J, HNF1B, YWHAEP7, LOC440434, GPR179, SRCIN1, C17orf96, MIR4734, PCGF2, PIP4K2B, CWC25, C17orf98, RPL23, SNORA21	gr1
GT_021	CGOV475T	chr17	34,371,001	34,546,001	46	2.91	NA	TADA2A, MLLT6, LASP1	LRRC37A11P, LOC100131347	gr1
GT_021	CGOV475T	chr17	34,657,001	34,682,001	36	2.6	NA	TADA2A, MLLT6, LASP1	NA	gr1
GT_021	CGOV475T	chr17	34,683,001	34,798,001	46	2.91	NA	TADA2A, MLLT6, LASP1	NA	gr1
GT_028	CGOV473T	chr2	62,333,001	62,604,001	3	0.37	NBN, MYC, EXT1, RECQL4	ZFHX4, RIPK2, PSKH2, NBN, RUNX1T1, VPS13B, STK3, COX6C, RIMS2, PKHD1L1, COL14A1, TRIB1, MYC, UBR5, CSMD3, EXT1, MAPK15, ADCK5, COL22A1, PTK2, NRBP2, RECQL4	TMEM17	gr1
GT_028	CGOV473T	chr2	62,605,001	62,615,001	5	0.74	NBN, MYC, EXT1, RECQL4	ZFHX4, RIPK2, PSKH2, NBN, RUNX1T1, VPS13B, STK3, COX6C, RIMS2, PKHD1L1, COL14A1, TRIB1, MYC, UBR5, CSMD3, EXT1, MAPK15, ADCK5, COL22A1, PTK2, NRBP2, RECQL4	NA	gr1
GT_028	CGOV473T	chr3	25,596,001	26,059,001	4	0.62	NBN, MYC, EXT1, RECQL4	ZFHX4, RIPK2, PSKH2, NBN, RUNX1T1, VPS13B, STK3, COX6C, RIMS2, PKHD1L1, COL14A1, TRIB1, MYC, UBR5, CSMD3, EXT1, MAPK15, ADCK5, COL22A1, PTK2, NRBP2, RECQL4	OXSM, TOP2B, MIR4442, NGLY1, LINC00692	gr1
GT_028	CGOV473T	chr6	42,531,001	42,814,001	3	0.33	NBN, MYC, EXT1, RECQL4	ZFHX4, RIPK2, PSKH2, NBN, RUNX1T1, VPS13B, STK3, COX6C, RIMS2, PKHD1L1, COL14A1, TRIB1, MYC, UBR5, CSMD3, EXT1, MAPK15, ADCK5, COL22A1, PTK2, NRBP2, RECQL4	UBR2, ATP6V0CP3, PRPH2	gr1
GT_028	CGOV473T	chr7	133,381,001	133,818,001	4	0.52	NBN, MYC, EXT1, RECQL4	ZFHX4, RIPK2, PSKH2, NBN, RUNX1T1, VPS13B, STK3, COX6C, RIMS2, PKHD1L1, COL14A1, TRIB1, MYC, UBR5, CSMD3, EXT1, MAPK15, ADCK5, COL22A1, PTK2, NRBP2, RECQL4	LRGUK, SLC35B4, AKR1B1	gr1
GT_028	CGOV473T	chr8	73,395,001	78,994,001	5	0.82	NBN, MYC, EXT1, RECQL4	ZFHX4, RIPK2, PSKH2, NBN, RUNX1T1, VPS13B, STK3, COX6C, RIMS2, PKHD1L1, COL14A1, TRIB1, MYC, UBR5, CSMD3, EXT1, MAPK15, ADCK5, COL22A1, PTK2, NRBP2, RECQL4	KCNB2, LOC101926908, TERF1, RDH10, STAU2-AS1, TMEM70, LY96, GDAP1, MIR5681A, MIR2052HG, MIR2052, PI15, CRISPLD1, HNF4G, LINC01111, ZFHX4, LOC102724874, SBSPON, C8orf89, RPL7, RDH10-AS1, STAU2, UBE2W, TCEB1, JPH1, MIR5681B, CASC9, ZFHX4-AS1, MIR3149, PEX2	gr1
GT_028	CGOV473T	chr8	79,000,001	80,858,001	5	0.83	NBN, MYC, EXT1, RECQL4	ZFHX4, RIPK2, PSKH2, NBN, RUNX1T1, VPS13B, STK3, COX6C, RIMS2, PKHD1L1, COL14A1, TRIB1, MYC, UBR5, CSMD3, EXT1, MAPK15, ADCK5, COL22A1, PTK2, NRBP2, RECQL4	PKIA, ZC2HC1A, STMN2, PKIA-AS1, LOC101241902, IL7, HEY1	gr1
GT_028	CGOV473T	chr8	80,859,001	80,925,001	3	0.27	NBN, MYC, EXT1, RECQL4	ZFHX4, RIPK2, PSKH2, NBN, RUNX1T1, VPS13B, STK3, COX6C, RIMS2, PKHD1L1, COL14A1, TRIB1, MYC, UBR5, CSMD3, EXT1, MAPK15, ADCK5, COL22A1, PTK2, NRBP2, RECQL4	NA	gr1
GT_028	CGOV473T	chr8	80,926,001	93,444,001	5	0.82	NBN, MYC, EXT1, RECQL4	ZFHX4, RIPK2, PSKH2, NBN, RUNX1T1, VPS13B, STK3, COX6C, RIMS2, PKHD1L1, COL14A1, TRIB1, MYC, UBR5, CSMD3, EXT1, MAPK15, ADCK5, COL22A1, PTK2, NRBP2, RECQL4	MIR5708, ZBTB10, FABP5, CHMP4C, LINC01419, RALYL, LRRCC1, E2F5, CA13, CA3, CA2, ATP6V0D2, WWP1, CPNE3, CNBD1, RIPK2, OSGIN2, DECR1, LINC00534, NECAB1, OTUD6B, LRRC69, MIR4661, SLC26A7, MRPS28, TPD52, ZNF704, PAG1, PMP2, FABP9, FABP4, FABP12, IMPA1, SLC10A5, ZFAND1, SNX16, C8orf59, CA1, CA3-AS1, REXO1L2P, PSKH2, SLC7A13, RMDN1, CNGB3, DCAF4L2, MMP16, LOC101929709, NBN, CALB1, LINC01030, TMEM64, C8orf88, TMEM55A, OTUD6B-AS1, RUNX1T1, MIR7641-2	gr1
GT_028	CGOV473T	chr8	93,458,001	102,864,001	5	0.83	NBN, MYC, EXT1, RECQL4	ZFHX4, RIPK2, PSKH2, NBN, RUNX1T1, VPS13B, STK3, COX6C, RIMS2, PKHD1L1, COL14A1, TRIB1, MYC, UBR5, CSMD3, EXT1, MAPK15, ADCK5, COL22A1, PTK2, NRBP2, RECQL4	MIR8084, FAM92A1, RBM12B-AS1, TMEM67, PDP1, ESRP1, DPY19L4, INTS8, NDUFAF6, MIR3150A, PLEKHF2, C8orf37-AS1, PTDSS1, SDC2, CPQ, MTDH, LAPTM4B, MATN2, ERICH5, POP1, KCNS2, OSR2, VPS13B, POLR2K, SPAG1, MIR4471, FLJ42969, NACAP1, GRHL2, LOC102724710, FLJ46284, TRIQK, C8orf87, LINC00535, RBM12B, MIR378D2, CDH17, GEM, RAD54B, FSBP, KIAA1429, LOC100288748, CCNE2, TP53INP1, MIR3150B, LINC01298, C8orf37, LOC100500773, GDF6, UQCRB, MTERF3, LOC102724804, LOC101927066, TSPYL5, RPL30, SNORA72, HRSP12, NIPAL2, STK3, MIR599, MIR875, COX6C, RGS22, MIR1273A, FBXO43, RNF19A, ANKRD46, SNX31, PABPC1, MIR7705, YWHAZ, ZNF706	gr1
GT_028	CGOV473T	chr8	102,865,001	102,889,001	8	1.27	NBN, MYC, EXT1, RECQL4	ZFHX4, RIPK2, PSKH2, NBN, RUNX1T1, VPS13B, STK3, COX6C, RIMS2, PKHD1L1, COL14A1, TRIB1, MYC, UBR5, CSMD3, EXT1, MAPK15, ADCK5, COL22A1, PTK2, NRBP2, RECQL4	NA	gr1
GT_028	CGOV473T	chr8	102,890,001	129,832,001	5	0.81	NBN, MYC, EXT1, RECQL4	ZFHX4, RIPK2, PSKH2, NBN, RUNX1T1, VPS13B, STK3, COX6C, RIMS2, PKHD1L1, COL14A1, TRIB1, MYC, UBR5, CSMD3, EXT1, MAPK15, ADCK5, COL22A1, PTK2, NRBP2, RECQL4	LOC104054148, MIR5680, UBR5-AS1, ODF1, AZIN1-AS1, ATP6V1C1, BAALC, MIR3151, FZD6, CTHRC1, DCAF13, RIMS2, DCSTAMP, ZFPM2, OXR1, EMC2, TRHR, ENY2, PKHD1L1, EBAG9, MIR2053, UTP23, RAD21-AS1, AARD, SLC30A8, MED30, SAMD12-AS1, COLEC10, MAL2, NOV, DEPTOR, COL14A1, MTBP, LOC101927543, HAS2-AS1, ZHX2, TBC1D31, FAM83A, WDYHV1, FAM91A1, FER1L6, TRMT12, RNF139, NDUFB9, MIR4662A, LINC00964, ZNF572, SQLE, NSMCE2, TRIB1, LOC101927657, PCAT1, PRNCR1, CASC21, CCAT2, POU5F1B, MYC, MIR1204, PVT1, MIR1205, MIR1206, MIR1207, MIR1208, RRM2B, UBR5, KLF10, AZIN1, BAALC-AS2, BAALC-AS1, SLC25A32, DPYS, LRP12, ZFPM2-AS1, ABRA, ANGPT1, RSPO2, EIF3E, TMEM74, NUDCD1, SYBU, KCNV1, LINC01608, LINC01609, CSMD3, TRPS1, MIR6507, LINC00536, EIF3H, RAD21, MIR3610, EXT1, SAMD12, TNFRSF11B, ENPP2, TAF2, DSCC1, MRPL13, SNTB1, HAS2, LOC105375734, LINC01151, DERL1, FAM83A-AS1, MIR4663, C8orf76, ZHX1-C8orf76, ZHX1, ATAD2, FBXO32, KLHL38, ANXA13, FER1L6-AS1, FER1L6-AS2, LOC101927588, TMEM65, RNF139-AS1, TATDN1, MIR6844, MTSS1, MIR4662B, KIAA0196, LINC00861, FAM84B, PCAT2, CASC19, CCAT1, CASC8, CASC11, TMEM75, LINC00824	gr1
GT_028	CGOV473T	chr8	137,236,001	146,272,001	5	0.79	NBN, MYC, EXT1, RECQL4	ZFHX4, RIPK2, PSKH2, NBN, RUNX1T1, VPS13B, STK3, COX6C, RIMS2, PKHD1L1, COL14A1, TRIB1, MYC, UBR5, CSMD3, EXT1, MAPK15, ADCK5, COL22A1, PTK2, NRBP2, RECQL4	CHRAC1, DENND3, LINC01300, PTP4A3, MIR4472-1, LINC00051, ADGRB1, PSCA, LY6K, THEM6, GML, CDC42P3, LY6E, C8orf31, GPIHBP1, ZFP41, GLI4, ZNF696, RHPN1, MAFA-AS1, GSDMD, TIGD5, ZNF623, ZNF707, BREA2, MAPK15, FAM83H-AS1, GRINA, SPATC1, EXOSC4, MIR6847, GPAA1, CYC1, MAF1, KIAA1875, HGH1, MROH1, SCX, HSF1, SLC52A2, ADCK5, TONSL-AS1, KIFC2, PPP1R16A, GPT, MFSD3, LRRC14, ZNF517, ZNF7, TMED10P1, ZNF252P-AS1, C8orf33, LOC101927915, FAM135B, COL22A1, KCNK9, TRAPPC9, AGO2, RNU6-31P, PTK2, SLC45A4, GPR20, MROH5, MIR1302-7, TSNARE1, ARC, JRK, LOC100288181, SLURP1, LYPD2, LYNX1, LY6D, CYP11B1, CYP11B2, LOC100133669, LY6H, LINC01604, TOP1MT, RHPN1-AS1, MAFA, ZC3H3, MROH6, NAPRT, EEF1D, PYCRL, TSTA3, CCDC166, FAM83H, MIR4664, SCRIB, MIR937, PUF60, NRBP2, MIR6845, EPPK1, PLEC, MIR661, PARP10, OPLAH, MIR6846, SHARPIN, MIR7112, BOP1, DGAT1, MIR6848, SCRT1, TMEM249, FBXL6, CPSF1, MIR939, MIR6849, SLC39A4, VPS28, TONSL, MIR6893, CYHR1, FOXH1, RECQL4, LRRC24, C8orf82, ARHGAP39, ZNF251, ZNF34, RPL8, MIR6850, COMMD5, ZNF250, ZNF16, ZNF252P	gr1
GT_028	CGOV473T	chr11	121,975,001	122,431,001	4	0.53	NBN, MYC, EXT1, RECQL4	ZFHX4, RIPK2, PSKH2, NBN, RUNX1T1, VPS13B, STK3, COX6C, RIMS2, PKHD1L1, COL14A1, TRIB1, MYC, UBR5, CSMD3, EXT1, MAPK15, ADCK5, COL22A1, PTK2, NRBP2, RECQL4	UBASH3B, CRTAM, C11orf63, LOC341056, BSX	gr1
GT_028	CGOV473T	chr11	129,892,001	129,971,001	4	0.52	NBN, MYC, EXT1, RECQL4	ZFHX4, RIPK2, PSKH2, NBN, RUNX1T1, VPS13B, STK3, COX6C, RIMS2, PKHD1L1, COL14A1, TRIB1, MYC, UBR5, CSMD3, EXT1, MAPK15, ADCK5, COL22A1, PTK2, NRBP2, RECQL4	NA	gr1
GT_028	CGOV473T	chr12	33,285,001	33,465,001	3	0.33	NBN, MYC, EXT1, RECQL4	ZFHX4, RIPK2, PSKH2, NBN, RUNX1T1, VPS13B, STK3, COX6C, RIMS2, PKHD1L1, COL14A1, TRIB1, MYC, UBR5, CSMD3, EXT1, MAPK15, ADCK5, COL22A1, PTK2, NRBP2, RECQL4	NA	gr1
GT_028	CGOV473T	chr18	22,241,001	22,311,001	5	0.67	NBN, MYC, EXT1, RECQL4	ZFHX4, RIPK2, PSKH2, NBN, RUNX1T1, VPS13B, STK3, COX6C, RIMS2, PKHD1L1, COL14A1, TRIB1, MYC, UBR5, CSMD3, EXT1, MAPK15, ADCK5, COL22A1, PTK2, NRBP2, RECQL4	LINC01543	gr1
GT_034	CGOV481T	chr6	40,869,001	41,892,001	11	1.16	NA	TFEB, CCND3	TSPO2, APOBEC2, NFYA, ADCY10P1, TREML4, TREML5P, NCR2, LINC01276, FOXP4, MIR4641, MDFI, PRICKLE4, TOMM6, LOC101929555, UNC5CL, OARD1, TREML1, TREM2, TREML2, TREML3P, TREM1, FOXP4-AS1, TFEB, PGC, FRS3	gr1
GT_034	CGOV481T	chr6	41,893,001	42,390,001	17	1.62	NA	TFEB, CCND3	BYSL, TAF8, GUCA1A, MED20, CCND3, C6orf132, GUCA1B, MRPS10	gr1
GT_034	CGOV481T	chr6	42,391,001	42,392,001	9	0.88	NA	TFEB, CCND3	NA	gr1
GT_034	CGOV481T	chr17	34,900,001	35,315,001	13	1.33	ERBB2	ERBB2	PPP1R1B, STARD3, TCAP, PNMT, ERBB2, MIR4728, GRB7, ZPBP2, NEUROD2, PGAP3, MIEN1, IKZF3	gr2
